SET @OLD_UNIQUE_CHECKS=@@UNIQUE_CHECKS, UNIQUE_CHECKS=0;
SET @OLD_FOREIGN_KEY_CHECKS=@@FOREIGN_KEY_CHECKS, FOREIGN_KEY_CHECKS=0;
SET @OLD_SQL_MODE=@@SQL_MODE, SQL_MODE='TRADITIONAL,ALLOW_INVALID_DATES';

DROP SCHEMA IF EXISTS `smartpay2` ;
CREATE SCHEMA IF NOT EXISTS `smartpay2` DEFAULT CHARACTER SET utf8 COLLATE utf8_general_ci ;
USE `smartpay2` ;

-- -----------------------------------------------------
-- Table `smartpay2`.`MERCHANT_STATUSES`
-- -----------------------------------------------------
DROP TABLE IF EXISTS `smartpay2`.`MERCHANT_STATUSES` ;

CREATE TABLE IF NOT EXISTS `smartpay2`.`MERCHANT_STATUSES` (
  `MCST_ID` BIGINT UNSIGNED NOT NULL AUTO_INCREMENT,
  `MCST_NAME` VARCHAR(32) NOT NULL,
  `MCST_DESCRIPTION` TEXT NULL,
  `MCST_ACTIVE` TINYINT NOT NULL,
  `MCST_CODE` VARCHAR(8) NOT NULL,
  PRIMARY KEY (`MCST_ID`),
  UNIQUE INDEX `MCST_ID_UNIQUE` (`MCST_ID` ASC),
  UNIQUE INDEX `MCST_NAME_UNIQUE` (`MCST_NAME` ASC),
  UNIQUE INDEX `MCST_CODE_UNIQUE` (`MCST_CODE` ASC))
ENGINE = InnoDB;


-- -----------------------------------------------------
-- Table `smartpay2`.`CREDENTIAL_STATUSES`
-- -----------------------------------------------------
DROP TABLE IF EXISTS `smartpay2`.`CREDENTIAL_STATUSES` ;

CREATE TABLE IF NOT EXISTS `smartpay2`.`CREDENTIAL_STATUSES` (
  `CRST_ID` BIGINT UNSIGNED NOT NULL AUTO_INCREMENT,
  `CRST_NAME` VARCHAR(32) NOT NULL,
  `CRST_DESCRIPTION` TEXT NULL,
  `CRST_ACTIVE` TINYINT NOT NULL,
  `CRST_CODE` VARCHAR(8) NOT NULL,
  PRIMARY KEY (`CRST_ID`),
  UNIQUE INDEX `CRST_ID_UNIQUE` (`CRST_ID` ASC),
  UNIQUE INDEX `CRST_NAME_UNIQUE` (`CRST_NAME` ASC),
  UNIQUE INDEX `CRST_CODE_UNIQUE` (`CRST_CODE` ASC))
ENGINE = InnoDB;


-- -----------------------------------------------------
-- Table `smartpay2`.`CREDENTIAL_TYPES`
-- -----------------------------------------------------
DROP TABLE IF EXISTS `smartpay2`.`CREDENTIAL_TYPES` ;

CREATE TABLE IF NOT EXISTS `smartpay2`.`CREDENTIAL_TYPES` (
  `CRTP_ID` BIGINT UNSIGNED NOT NULL AUTO_INCREMENT,
  `CRTP_NAME` VARCHAR(32) NOT NULL,
  `CRTP_DESCRIPTION` TEXT NULL,
  `CRTP_ACTIVE` TINYINT NOT NULL,
  `CRTP_CODE` VARCHAR(8) NOT NULL,
  PRIMARY KEY (`CRTP_ID`),
  UNIQUE INDEX `CRTP_ID_UNIQUE` (`CRTP_ID` ASC),
  UNIQUE INDEX `CRTP_NAME_UNIQUE` (`CRTP_NAME` ASC),
  UNIQUE INDEX `CRTP_CODE_UNIQUE` (`CRTP_CODE` ASC))
ENGINE = InnoDB;


-- -----------------------------------------------------
-- Table `smartpay2`.`CREDENTIALS`
-- -----------------------------------------------------
DROP TABLE IF EXISTS `smartpay2`.`CREDENTIALS` ;

CREATE TABLE IF NOT EXISTS `smartpay2`.`CREDENTIALS` (
  `CRDT_ID` BIGINT UNSIGNED NOT NULL AUTO_INCREMENT,
  `CRDT_CONTENT` VARCHAR(32) NOT NULL,
  `CRDT_EXPIRATION_TIME` DATETIME NOT NULL,
  `CRDT_REMARK` TEXT NULL,
  `CRDT_CREATED_TIME` TIMESTAMP NOT NULL,
  `CRDT_UPDATED_TIME` TIMESTAMP NULL,
  `CRDT_ACTIVE` TINYINT NOT NULL,
  `CRDT_CRST_ID` BIGINT UNSIGNED NOT NULL,
  `CRDT_CRTP_ID` BIGINT UNSIGNED NOT NULL,
  PRIMARY KEY (`CRDT_ID`, `CRDT_CRST_ID`, `CRDT_CRTP_ID`),
  INDEX `fk_CRDT_CRST_idx` (`CRDT_CRST_ID` ASC),
  INDEX `fk_CRDT_CRTP_idx` (`CRDT_CRTP_ID` ASC),
  UNIQUE INDEX `CRDT_ID_UNIQUE` (`CRDT_ID` ASC),
  CONSTRAINT `fk_CRDT_CRST`
    FOREIGN KEY (`CRDT_CRST_ID`)
    REFERENCES `smartpay2`.`CREDENTIAL_STATUSES` (`CRST_ID`)
    ON DELETE NO ACTION
    ON UPDATE NO ACTION,
  CONSTRAINT `fk_CRDT_CRTP`
    FOREIGN KEY (`CRDT_CRTP_ID`)
    REFERENCES `smartpay2`.`CREDENTIAL_TYPES` (`CRTP_ID`)
    ON DELETE NO ACTION
    ON UPDATE NO ACTION)
ENGINE = InnoDB;


-- -----------------------------------------------------
-- Table `smartpay2`.`FEE_TYPES`
-- -----------------------------------------------------
DROP TABLE IF EXISTS `smartpay2`.`FEE_TYPES` ;

CREATE TABLE IF NOT EXISTS `smartpay2`.`FEE_TYPES` (
  `FETP_ID` BIGINT UNSIGNED NOT NULL AUTO_INCREMENT,
  `FETP_NAME` VARCHAR(32) NOT NULL,
  `FETP_DESCRIPTION` TEXT NULL,
  `FETP_ACTIVE` TINYINT NOT NULL,
  `FETP_CODE` VARCHAR(8) NOT NULL,
  PRIMARY KEY (`FETP_ID`),
  UNIQUE INDEX `ID_UNIQUE` (`FETP_ID` ASC),
  UNIQUE INDEX `FETP_NAME_UNIQUE` (`FETP_NAME` ASC),
  UNIQUE INDEX `FETP_CODE_UNIQUE` (`FETP_CODE` ASC))
ENGINE = InnoDB;


-- -----------------------------------------------------
-- Table `smartpay2`.`FEES`
-- -----------------------------------------------------
DROP TABLE IF EXISTS `smartpay2`.`FEES` ;

CREATE TABLE IF NOT EXISTS `smartpay2`.`FEES` (
  `FEE_ID` BIGINT UNSIGNED NOT NULL AUTO_INCREMENT,
  `FEE_VALUE` FLOAT NOT NULL,
  `FEE_REMARK` TEXT NULL,
  `FEE_CREATED_TIME` TIMESTAMP NOT NULL,
  `FEE_UPDATED_TIME` TIMESTAMP NULL,
  `FEE_ACTIVE` TINYINT NOT NULL,
  `FEE_FETP_ID` BIGINT UNSIGNED NOT NULL,
  PRIMARY KEY (`FEE_ID`, `FEE_FETP_ID`),
  INDEX `fk_FEE_FETP_idx` (`FEE_FETP_ID` ASC),
  UNIQUE INDEX `FEE_ID_UNIQUE` (`FEE_ID` ASC),
  CONSTRAINT `fk_FEE_FETP`
    FOREIGN KEY (`FEE_FETP_ID`)
    REFERENCES `smartpay2`.`FEE_TYPES` (`FETP_ID`)
    ON DELETE NO ACTION
    ON UPDATE NO ACTION)
ENGINE = InnoDB;


-- -----------------------------------------------------
-- Table `smartpay2`.`ENCRYPTION_TYPES`
-- -----------------------------------------------------
DROP TABLE IF EXISTS `smartpay2`.`ENCRYPTION_TYPES` ;

CREATE TABLE IF NOT EXISTS `smartpay2`.`ENCRYPTION_TYPES` (
  `ENTP_ID` BIGINT UNSIGNED NOT NULL AUTO_INCREMENT,
  `ENTP_NAME` VARCHAR(32) NOT NULL,
  `ENTP_DESCRIPTION` TEXT NULL,
  `ENTP_ACTIVE` TINYINT NOT NULL,
  `ENTP_CODE` VARCHAR(8) NOT NULL,
  PRIMARY KEY (`ENTP_ID`),
  UNIQUE INDEX `ENTP_ID_UNIQUE` (`ENTP_ID` ASC),
  UNIQUE INDEX `ENTP_NAME_UNIQUE` (`ENTP_NAME` ASC),
  UNIQUE INDEX `ENTP_CODE_UNIQUE` (`ENTP_CODE` ASC))
ENGINE = InnoDB;


-- -----------------------------------------------------
-- Table `smartpay2`.`ENCRYPTIONS`
-- -----------------------------------------------------
DROP TABLE IF EXISTS `smartpay2`.`ENCRYPTIONS` ;

CREATE TABLE IF NOT EXISTS `smartpay2`.`ENCRYPTIONS` (
  `ENCR_ID` BIGINT UNSIGNED NOT NULL AUTO_INCREMENT,
  `ENCR_KEY` VARCHAR(128) NOT NULL,
  `ENCR_CREATED_TIME` TIMESTAMP NOT NULL,
  `ENCR_UPDATED_TIME` TIMESTAMP NULL,
  `ENCR_REMARK` TEXT NULL,
  `ENCR_ACTIVE` TINYINT NOT NULL,
  `ENCR_ENTP_ID` BIGINT UNSIGNED NOT NULL,
  PRIMARY KEY (`ENCR_ID`, `ENCR_ENTP_ID`),
  INDEX `fk_ENCR_ENTP_idx` (`ENCR_ENTP_ID` ASC),
  UNIQUE INDEX `ENCR_ID_UNIQUE` (`ENCR_ID` ASC),
  CONSTRAINT `fk_ENCR_ENTP`
    FOREIGN KEY (`ENCR_ENTP_ID`)
    REFERENCES `smartpay2`.`ENCRYPTION_TYPES` (`ENTP_ID`)
    ON DELETE NO ACTION
    ON UPDATE NO ACTION)
ENGINE = InnoDB;


-- -----------------------------------------------------
-- Table `smartpay2`.`MERCHANTS`
-- -----------------------------------------------------
DROP TABLE IF EXISTS `smartpay2`.`MERCHANTS` ;

CREATE TABLE IF NOT EXISTS `smartpay2`.`MERCHANTS` (
  `MCHT_ID` BIGINT UNSIGNED NOT NULL AUTO_INCREMENT,
  `MCHT_IDENTITY` VARCHAR(32) NOT NULL,
  `MCHT_NAME` VARCHAR(32) NOT NULL,
  `MCHT_ADDRESS` VARCHAR(128) NULL,
  `MCHT_CONTACT` VARCHAR(32) NULL,
  `MCHT_TEL` VARCHAR(32) NULL,
  `MCHT_EMAIL` VARCHAR(32) NULL,
  `MCHT_LOGO_IMAGE` BLOB NULL,
  `MCHT_CREATED_TIME` TIMESTAMP NOT NULL,
  `MCHT_UPDATED_TIME` TIMESTAMP NULL,
  `MCHT_REMARK` TEXT NULL,
  `MCHT_ACTIVE` TINYINT NOT NULL,
  `MCHT_MCST_ID` BIGINT UNSIGNED NOT NULL,
  `MCHT_CRDT_ID` BIGINT UNSIGNED NOT NULL,
  `MCHT_ENCR_ID` BIGINT UNSIGNED NOT NULL,
  `MCHT_FEE_COMMISSION_ID` BIGINT UNSIGNED NOT NULL,
  `MCHT_FEE_RETURN_ID` BIGINT UNSIGNED NOT NULL,
  PRIMARY KEY (`MCHT_ID`, `MCHT_MCST_ID`, `MCHT_CRDT_ID`, `MCHT_ENCR_ID`, `MCHT_FEE_COMMISSION_ID`, `MCHT_FEE_RETURN_ID`),
  INDEX `fk_MCHT_MCST_idx` (`MCHT_MCST_ID` ASC),
  INDEX `fk_MCHT_CRDT_idx` (`MCHT_CRDT_ID` ASC),
  INDEX `fk_MCHT_FEE_COMISSION_idx` (`MCHT_FEE_COMMISSION_ID` ASC),
  INDEX `fk_MCHT_ENCR_idx` (`MCHT_ENCR_ID` ASC),
  INDEX `fk_MCHT_FEE_RETURN_idx` (`MCHT_FEE_RETURN_ID` ASC),
  UNIQUE INDEX `MCHT_ID_UNIQUE` (`MCHT_ID` ASC),
  UNIQUE INDEX `MCHT_IDENTITY_UNIQUE` (`MCHT_IDENTITY` ASC),
  CONSTRAINT `fk_MCHT_MCST`
    FOREIGN KEY (`MCHT_MCST_ID`)
    REFERENCES `smartpay2`.`MERCHANT_STATUSES` (`MCST_ID`)
    ON DELETE NO ACTION
    ON UPDATE NO ACTION,
  CONSTRAINT `fk_MCHT_CRDT`
    FOREIGN KEY (`MCHT_CRDT_ID`)
    REFERENCES `smartpay2`.`CREDENTIALS` (`CRDT_ID`)
    ON DELETE NO ACTION
    ON UPDATE NO ACTION,
  CONSTRAINT `fk_MCHT_FEE_COMMISSION`
    FOREIGN KEY (`MCHT_FEE_COMMISSION_ID`)
    REFERENCES `smartpay2`.`FEES` (`FEE_ID`)
    ON DELETE NO ACTION
    ON UPDATE NO ACTION,
  CONSTRAINT `fk_MCHT_ENCR`
    FOREIGN KEY (`MCHT_ENCR_ID`)
    REFERENCES `smartpay2`.`ENCRYPTIONS` (`ENCR_ID`)
    ON DELETE NO ACTION
    ON UPDATE NO ACTION,
  CONSTRAINT `fk_MCHT_FEE_RTRN`
    FOREIGN KEY (`MCHT_FEE_RETURN_ID`)
    REFERENCES `smartpay2`.`FEES` (`FEE_ID`)
    ON DELETE NO ACTION
    ON UPDATE NO ACTION)
ENGINE = InnoDB;


-- -----------------------------------------------------
-- Table `smartpay2`.`ACCOUNT_TYPES`
-- -----------------------------------------------------
DROP TABLE IF EXISTS `smartpay2`.`ACCOUNT_TYPES` ;

CREATE TABLE IF NOT EXISTS `smartpay2`.`ACCOUNT_TYPES` (
  `ACTP_ID` BIGINT UNSIGNED NOT NULL AUTO_INCREMENT,
  `ACTP_NAME` VARCHAR(32) NOT NULL,
  `ACTP_DESCRIPTION` TEXT NULL,
  `ACTP_ACTIVE` TINYINT NOT NULL,
  `ACTP_CODE` VARCHAR(8) NOT NULL,
  PRIMARY KEY (`ACTP_ID`),
  UNIQUE INDEX `ACTP_ID_UNIQUE` (`ACTP_ID` ASC),
  UNIQUE INDEX `ACTP_NAME_UNIQUE` (`ACTP_NAME` ASC),
  UNIQUE INDEX `ACTP_CODE_UNIQUE` (`ACTP_CODE` ASC))
ENGINE = InnoDB;


-- -----------------------------------------------------
-- Table `smartpay2`.`ACCOUNT_STATUSES`
-- -----------------------------------------------------
DROP TABLE IF EXISTS `smartpay2`.`ACCOUNT_STATUSES` ;

CREATE TABLE IF NOT EXISTS `smartpay2`.`ACCOUNT_STATUSES` (
  `ACST_ID` BIGINT UNSIGNED NOT NULL AUTO_INCREMENT,
  `ACST_NAME` VARCHAR(32) NOT NULL,
  `ACST_DESCRIPTION` TEXT NULL,
  `ACST_ACTIVE` TINYINT NOT NULL,
  `ACST_CODE` VARCHAR(8) NOT NULL,
  PRIMARY KEY (`ACST_ID`),
  UNIQUE INDEX `ACST_ID_UNIQUE` (`ACST_ID` ASC),
  UNIQUE INDEX `ACST_NAME_UNIQUE` (`ACST_NAME` ASC),
  UNIQUE INDEX `ACST_CODE_UNIQUE` (`ACST_CODE` ASC))
ENGINE = InnoDB;


-- -----------------------------------------------------
-- Table `smartpay2`.`ACCOUNTS`
-- -----------------------------------------------------
DROP TABLE IF EXISTS `smartpay2`.`ACCOUNTS` ;

CREATE TABLE IF NOT EXISTS `smartpay2`.`ACCOUNTS` (
  `ACNT_ID` BIGINT UNSIGNED NOT NULL AUTO_INCREMENT,
  `ACNT_CREATED_TIME` TIMESTAMP NOT NULL,
  `ACNT_UPDATED_TIME` TIMESTAMP NULL,
  `ACNT_REMARK` TEXT NULL,
  `ACNT_ACTIVE` TINYINT NOT NULL,
  `ACNT_MCHT_ID` BIGINT UNSIGNED NOT NULL,
  `ACNT_ACTP_ID` BIGINT UNSIGNED NOT NULL,
  `ACNT_ACST_ID` BIGINT UNSIGNED NOT NULL,
  PRIMARY KEY (`ACNT_ID`, `ACNT_MCHT_ID`, `ACNT_ACTP_ID`, `ACNT_ACST_ID`),
  INDEX `fk_ACNT_MCHT_idx` (`ACNT_MCHT_ID` ASC),
  INDEX `fk_ACNT_ACTP_idx` (`ACNT_ACTP_ID` ASC),
  INDEX `fk_ACNT_ACST_idx` (`ACNT_ACST_ID` ASC),
  UNIQUE INDEX `ACNT_ID_UNIQUE` (`ACNT_ID` ASC),
  CONSTRAINT `fk_ACNT_MCHT`
    FOREIGN KEY (`ACNT_MCHT_ID`)
    REFERENCES `smartpay2`.`MERCHANTS` (`MCHT_ID`)
    ON DELETE NO ACTION
    ON UPDATE NO ACTION,
  CONSTRAINT `fk_ACNT_ACTP`
    FOREIGN KEY (`ACNT_ACTP_ID`)
    REFERENCES `smartpay2`.`ACCOUNT_TYPES` (`ACTP_ID`)
    ON DELETE NO ACTION
    ON UPDATE NO ACTION,
  CONSTRAINT `fk_ACNT_ACST`
    FOREIGN KEY (`ACNT_ACST_ID`)
    REFERENCES `smartpay2`.`ACCOUNT_STATUSES` (`ACST_ID`)
    ON DELETE NO ACTION
    ON UPDATE NO ACTION)
ENGINE = InnoDB;


-- -----------------------------------------------------
-- Table `smartpay2`.`SITE_STATUSES`
-- -----------------------------------------------------
DROP TABLE IF EXISTS `smartpay2`.`SITE_STATUSES` ;

CREATE TABLE IF NOT EXISTS `smartpay2`.`SITE_STATUSES` (
  `SIST_ID` BIGINT UNSIGNED NOT NULL AUTO_INCREMENT,
  `SIST_NAME` VARCHAR(32) NOT NULL,
  `SIST_DESCRIPTION` TEXT NULL,
  `SIST_ACTIVE` TINYINT NOT NULL,
  `SIST_CODE` VARCHAR(8) NOT NULL,
  PRIMARY KEY (`SIST_ID`),
  UNIQUE INDEX `SIST_ID_UNIQUE` (`SIST_ID` ASC),
  UNIQUE INDEX `SIST_NAME_UNIQUE` (`SIST_NAME` ASC),
  UNIQUE INDEX `SIST_CODE_UNIQUE` (`SIST_CODE` ASC))
ENGINE = InnoDB;


-- -----------------------------------------------------
-- Table `smartpay2`.`SITES`
-- -----------------------------------------------------
DROP TABLE IF EXISTS `smartpay2`.`SITES` ;

CREATE TABLE IF NOT EXISTS `smartpay2`.`SITES` (
  `SITE_ID` BIGINT UNSIGNED NOT NULL AUTO_INCREMENT,
  `SITE_IDENTITY` VARCHAR(32) NOT NULL,
  `SITE_NAME` VARCHAR(32) NOT NULL,
  `SITE_URL` VARCHAR(128) NOT NULL,
  `SITE_RETURN_URL` VARCHAR(255) NOT NULL,
  `SITE_LOGO_IMAGE` BLOB NULL,
  `SITE_REMARK` TEXT NULL,
  `SITE_CREATED_TIME` TIMESTAMP NOT NULL,
  `SITE_UPDATED_TIME` TIMESTAMP NULL,
  `SITE_ACTIVE` TINYINT NOT NULL,
  `SITE_SIST_ID` BIGINT UNSIGNED NOT NULL,
  `SITE_MCHT_ID` BIGINT UNSIGNED NOT NULL,
  PRIMARY KEY (`SITE_ID`, `SITE_SIST_ID`, `SITE_MCHT_ID`),
  INDEX `fk_SITE_SIST_idx` (`SITE_SIST_ID` ASC),
  INDEX `fk_SITE_MCHT_idx` (`SITE_MCHT_ID` ASC),
  UNIQUE INDEX `SITE_ID_UNIQUE` (`SITE_ID` ASC),
  UNIQUE INDEX `SITE_URL_UNIQUE` (`SITE_URL` ASC),
  UNIQUE INDEX `site_IDENTITY_UNIQUE` (`SITE_IDENTITY` ASC),
  UNIQUE INDEX `SITE_RETURN_URL_UNIQUE` (`SITE_RETURN_URL` ASC),
  CONSTRAINT `fk_SITE_SIST`
    FOREIGN KEY (`SITE_SIST_ID`)
    REFERENCES `smartpay2`.`SITE_STATUSES` (`SIST_ID`)
    ON DELETE NO ACTION
    ON UPDATE NO ACTION,
  CONSTRAINT `fk_SITE_MCHT`
    FOREIGN KEY (`SITE_MCHT_ID`)
    REFERENCES `smartpay2`.`MERCHANTS` (`MCHT_ID`)
    ON DELETE NO ACTION
    ON UPDATE NO ACTION)
ENGINE = InnoDB;


-- -----------------------------------------------------
-- Table `smartpay2`.`USER_STATUSES`
-- -----------------------------------------------------
DROP TABLE IF EXISTS `smartpay2`.`USER_STATUSES` ;

CREATE TABLE IF NOT EXISTS `smartpay2`.`USER_STATUSES` (
  `USST_ID` BIGINT UNSIGNED NOT NULL AUTO_INCREMENT,
  `USST_NAME` VARCHAR(32) NOT NULL,
  `USST_DESCRIPTION` TEXT NULL,
  `USST_ACTIVE` TINYINT NOT NULL,
  `USST_CODE` VARCHAR(8) NOT NULL,
  PRIMARY KEY (`USST_ID`),
  UNIQUE INDEX `USST_ID_UNIQUE` (`USST_ID` ASC),
  UNIQUE INDEX `USST_NAME_UNIQUE` (`USST_NAME` ASC),
  UNIQUE INDEX `USST_CODE_UNIQUE` (`USST_CODE` ASC))
ENGINE = InnoDB;


-- -----------------------------------------------------
-- Table `smartpay2`.`USERS`
-- -----------------------------------------------------
DROP TABLE IF EXISTS `smartpay2`.`USERS` ;

CREATE TABLE IF NOT EXISTS `smartpay2`.`USERS` (
  `USER_ID` BIGINT UNSIGNED NOT NULL AUTO_INCREMENT,
  `USER_USERNAME` VARCHAR(64) NOT NULL,
  `USER_PASSWORD` VARCHAR(127) NOT NULL,
  `USER_FIRST_NAME` VARCHAR(32) NOT NULL,
  `USER_LAST_NAME` VARCHAR(32) NOT NULL,
  `USER_EMAIL` VARCHAR(32) NOT NULL,
  `USER_PROFILE_IMAGE` BLOB NULL,
  `USER_REMARK` TEXT NULL,
  `USER_CREATED_TIME` TIMESTAMP NOT NULL,
  `USER_UPDATED_TIME` TIMESTAMP NULL,
  `USER_ACTIVE` TINYINT NOT NULL,
  `USER_MCHT_ID` BIGINT UNSIGNED NULL,
  `USER_USST_ID` BIGINT UNSIGNED NOT NULL,
  PRIMARY KEY (`USER_ID`, `USER_USST_ID`),
  INDEX `fk_USER_MCHT_idx` (`USER_MCHT_ID` ASC),
  INDEX `fk_USER_USST_idx` (`USER_USST_ID` ASC),
  UNIQUE INDEX `USER_ID_UNIQUE` (`USER_ID` ASC),
  UNIQUE INDEX `USER_EMAIL_UNIQUE` (`USER_EMAIL` ASC),
  CONSTRAINT `fk_USER_MCHT`
    FOREIGN KEY (`USER_MCHT_ID`)
    REFERENCES `smartpay2`.`MERCHANTS` (`MCHT_ID`)
    ON DELETE NO ACTION
    ON UPDATE NO ACTION,
  CONSTRAINT `fk_USER_USST`
    FOREIGN KEY (`USER_USST_ID`)
    REFERENCES `smartpay2`.`USER_STATUSES` (`USST_ID`)
    ON DELETE NO ACTION
    ON UPDATE NO ACTION)
ENGINE = InnoDB;


-- -----------------------------------------------------
-- Table `smartpay2`.`ROLES`
-- -----------------------------------------------------
DROP TABLE IF EXISTS `smartpay2`.`ROLES` ;

CREATE TABLE IF NOT EXISTS `smartpay2`.`ROLES` (
  `ROLE_ID` BIGINT UNSIGNED NOT NULL AUTO_INCREMENT,
  `ROLE_NAME` VARCHAR(64) NOT NULL,
  `ROLE_DESCRIPTION` TEXT NULL,
  `ROLE_ACTIVE` TINYINT NOT NULL,
  `ROLE_CODE` VARCHAR(8) NOT NULL,
  PRIMARY KEY (`ROLE_ID`),
  UNIQUE INDEX `ROLE_ID_UNIQUE` (`ROLE_ID` ASC),
  UNIQUE INDEX `ROLE_NAME_UNIQUE` (`ROLE_NAME` ASC),
  UNIQUE INDEX `ROLE_CODE_UNIQUE` (`ROLE_CODE` ASC))
ENGINE = InnoDB;


-- -----------------------------------------------------
-- Table `smartpay2`.`MENU_CATEGORIES`
-- -----------------------------------------------------
DROP TABLE IF EXISTS `smartpay2`.`MENU_CATEGORIES` ;

CREATE TABLE IF NOT EXISTS `smartpay2`.`MENU_CATEGORIES` (
  `MNCG_ID` BIGINT UNSIGNED NOT NULL AUTO_INCREMENT,
  `MNCG_NAME` VARCHAR(64) NOT NULL,
  `MNCG_INDEX` INT NOT NULL,
  PRIMARY KEY (`MNCG_ID`),
  UNIQUE INDEX `MNCG_ID_UNIQUE` (`MNCG_ID` ASC))
ENGINE = InnoDB;


-- -----------------------------------------------------
-- Table `smartpay2`.`MENU_ITEMS`
-- -----------------------------------------------------
DROP TABLE IF EXISTS `smartpay2`.`MENU_ITEMS` ;

CREATE TABLE IF NOT EXISTS `smartpay2`.`MENU_ITEMS` (
  `MENU_ID` BIGINT UNSIGNED NOT NULL AUTO_INCREMENT,
  `MENU_NAME` VARCHAR(64) NOT NULL,
  `MENU_INDEX` INT UNSIGNED NOT NULL,
  `MENU_TARGET` VARCHAR(127) NOT NULL,
  `MENU_MNCG_ID` BIGINT UNSIGNED NULL,
  PRIMARY KEY (`MENU_ID`),
  UNIQUE INDEX `MN_ID_UNIQUE` (`MENU_ID` ASC),
  INDEX `FK_MENU_MNCG_ID_idx` (`MENU_MNCG_ID` ASC),
  CONSTRAINT `FK_MENU_MNCG_ID`
    FOREIGN KEY (`MENU_MNCG_ID`)
    REFERENCES `smartpay2`.`MENU_CATEGORIES` (`MNCG_ID`)
    ON DELETE NO ACTION
    ON UPDATE NO ACTION)
ENGINE = InnoDB;


-- -----------------------------------------------------
-- Table `smartpay2`.`PERMISSIONS`
-- -----------------------------------------------------
DROP TABLE IF EXISTS `smartpay2`.`PERMISSIONS` ;

CREATE TABLE IF NOT EXISTS `smartpay2`.`PERMISSIONS` (
  `PRMS_ID` BIGINT UNSIGNED NOT NULL AUTO_INCREMENT,
  `PRMS_NAME` VARCHAR(64) NOT NULL,
  `PRMS_DESCRIPTION` TEXT NULL,
  `PRMS_ACTIVE` TINYINT NOT NULL,
  `PRMS_CODE` VARCHAR(8) NOT NULL,
  `PRMS_MENU_ID` BIGINT UNSIGNED NULL,
  PRIMARY KEY (`PRMS_ID`),
  UNIQUE INDEX `PRMS_ID_UNIQUE` (`PRMS_ID` ASC),
  UNIQUE INDEX `PRMS_NAME_UNIQUE` (`PRMS_NAME` ASC),
  UNIQUE INDEX `PRMS_CODE_UNIQUE` (`PRMS_CODE` ASC),
  INDEX `FK_PRMS_MENU_ID_idx` (`PRMS_MENU_ID` ASC),
  CONSTRAINT `FK_PRMS_MENU_ID`
    FOREIGN KEY (`PRMS_MENU_ID`)
    REFERENCES `smartpay2`.`MENU_ITEMS` (`MENU_ID`)
    ON DELETE NO ACTION
    ON UPDATE NO ACTION)
ENGINE = InnoDB;


-- -----------------------------------------------------
-- Table `smartpay2`.`ORDER_STATUSES`
-- -----------------------------------------------------
DROP TABLE IF EXISTS `smartpay2`.`ORDER_STATUSES` ;

CREATE TABLE IF NOT EXISTS `smartpay2`.`ORDER_STATUSES` (
  `ORST_ID` BIGINT UNSIGNED NOT NULL AUTO_INCREMENT,
  `ORST_NAME` VARCHAR(32) NOT NULL,
  `ORST_DESCRIPTION` TEXT NULL,
  `ORST_ACTIVE` TINYINT NOT NULL,
  `ORST_CODE` VARCHAR(8) NOT NULL,
  PRIMARY KEY (`ORST_ID`),
  UNIQUE INDEX `ORST_ID_UNIQUE` (`ORST_ID` ASC),
  UNIQUE INDEX `ORST_NAME_UNIQUE` (`ORST_NAME` ASC),
  UNIQUE INDEX `ORST_CODE_UNIQUE` (`ORST_CODE` ASC))
ENGINE = InnoDB;


-- -----------------------------------------------------
-- Table `smartpay2`.`CURRENCIES`
-- -----------------------------------------------------
DROP TABLE IF EXISTS `smartpay2`.`CURRENCIES` ;

CREATE TABLE IF NOT EXISTS `smartpay2`.`CURRENCIES` (
  `CRCY_ID` BIGINT UNSIGNED NOT NULL AUTO_INCREMENT,
  `CRCY_NAME` VARCHAR(32) NOT NULL,
  `CRCY_DESCRIPTION` TEXT NULL,
  `CRCY_ACTIVE` TINYINT NOT NULL,
  `CRCY_CODE` VARCHAR(8) NOT NULL,
  PRIMARY KEY (`CRCY_ID`),
  UNIQUE INDEX `CRCY_ID_UNIQUE` (`CRCY_ID` ASC),
  UNIQUE INDEX `CRCY_NAME_UNIQUE` (`CRCY_NAME` ASC),
  UNIQUE INDEX `CRCY_CODE_UNIQUE` (`CRCY_CODE` ASC))
ENGINE = InnoDB;


-- -----------------------------------------------------
-- Table `smartpay2`.`CUSTOMER_STATUSES`
-- -----------------------------------------------------
DROP TABLE IF EXISTS `smartpay2`.`CUSTOMER_STATUSES` ;

CREATE TABLE IF NOT EXISTS `smartpay2`.`CUSTOMER_STATUSES` (
  `CSST_ID` BIGINT UNSIGNED NOT NULL AUTO_INCREMENT,
  `CSST_NAME` VARCHAR(32) NOT NULL,
  `CSST_DESCRIPTION` TEXT NULL,
  `CSST_ACTIVE` TINYINT NOT NULL,
  `CSST_CODE` VARCHAR(8) NOT NULL,
  PRIMARY KEY (`CSST_ID`),
  UNIQUE INDEX `CSST_ID_UNIQUE` (`CSST_ID` ASC),
  UNIQUE INDEX `CSST_NAME_UNIQUE` (`CSST_NAME` ASC),
  UNIQUE INDEX `CSST_CODE_UNIQUE` (`CSST_CODE` ASC))
ENGINE = InnoDB;


-- -----------------------------------------------------
-- Table `smartpay2`.`CUSTOMER_LOGIN_STATUSES`
-- -----------------------------------------------------
DROP TABLE IF EXISTS `smartpay2`.`CUSTOMER_LOGIN_STATUSES` ;

CREATE TABLE IF NOT EXISTS `smartpay2`.`CUSTOMER_LOGIN_STATUSES` (
  `CSLS_ID` BIGINT UNSIGNED NOT NULL AUTO_INCREMENT,
  `CSLS_NAME` VARCHAR(32) NOT NULL,
  `CSLS_DESCRIPTION` TEXT NULL,
  `CSLS_ACTIVE` TINYINT NOT NULL,
  `CSLS_CODE` VARCHAR(8) NOT NULL,
  PRIMARY KEY (`CSLS_ID`),
  UNIQUE INDEX `CSLS_ID_UNIQUE` (`CSLS_ID` ASC),
  UNIQUE INDEX `CSLS_NAME_UNIQUE` (`CSLS_NAME` ASC),
  UNIQUE INDEX `CSLS_CODE_UNIQUE` (`CSLS_CODE` ASC))
ENGINE = InnoDB;


-- -----------------------------------------------------
-- Table `smartpay2`.`CUSTOMER_LOGINS`
-- -----------------------------------------------------
DROP TABLE IF EXISTS `smartpay2`.`CUSTOMER_LOGINS` ;

CREATE TABLE IF NOT EXISTS `smartpay2`.`CUSTOMER_LOGINS` (
  `CSLG_ID` BIGINT UNSIGNED NOT NULL AUTO_INCREMENT,
  `CSLG_LOGIN_EMAIL` VARCHAR(32) NOT NULL,
  `CSLG_LOGIN_PASSWORD` VARCHAR(32) NOT NULL,
  `CSLG_FIRST_NAME` VARCHAR(32) NOT NULL,
  `CSLG_LAST_NAME` VARCHAR(32) NOT NULL,
  `CSLG_CREATED_TIME` TIMESTAMP NOT NULL DEFAULT NOW(),
  `CSLG_UPDATED_TIME` TIMESTAMP NOT NULL DEFAULT NOW(),
  `CSLG_REMARK` TEXT NULL,
  `CSLG_PROFILE_IMAGE` BLOB NULL,
  `CSLG__ACTIVE` TINYINT NOT NULL,
  `CSLG_CSLS_ID` BIGINT UNSIGNED NOT NULL,
  PRIMARY KEY (`CSLG_ID`, `CSLG_CSLS_ID`),
  INDEX `fk_CSLG_CSLS_idx` (`CSLG_CSLS_ID` ASC),
  UNIQUE INDEX `CSLG_ID_UNIQUE` (`CSLG_ID` ASC),
  UNIQUE INDEX `CSLG_LOGIN_EMAIL_UNIQUE` (`CSLG_LOGIN_EMAIL` ASC),
  CONSTRAINT `fk_CSLG_CSLG`
    FOREIGN KEY (`CSLG_CSLS_ID`)
    REFERENCES `smartpay2`.`CUSTOMER_LOGIN_STATUSES` (`CSLS_ID`)
    ON DELETE NO ACTION
    ON UPDATE NO ACTION)
ENGINE = InnoDB;


-- -----------------------------------------------------
-- Table `smartpay2`.`CUSTOMERS`
-- -----------------------------------------------------
DROP TABLE IF EXISTS `smartpay2`.`CUSTOMERS` ;

CREATE TABLE IF NOT EXISTS `smartpay2`.`CUSTOMERS` (
  `CSTM_ID` BIGINT UNSIGNED NOT NULL AUTO_INCREMENT,
  `CSTM_FIRST_NAME` VARCHAR(32) NOT NULL,
  `CSTM_LAST_NAME` VARCHAR(32) NOT NULL,
  `CSTM_EMAIL` VARCHAR(32) NOT NULL,
  `CSTM_ADDRESS_1` VARCHAR(128) NOT NULL,
  `CSTM_ADDRESS_2` VARCHAR(128) NULL,
  `CSTM_CITY` VARCHAR(32) NOT NULL,
  `CSTM_STATE` VARCHAR(32) NOT NULL,
  `CSTM_ZIP_CODE` VARCHAR(32) NOT NULL,
  `CSTM_COUNTRY` VARCHAR(32) NOT NULL,
  `CSTM_TEL` VARCHAR(32) NULL,
  `CSTM_CREATED_TIME` TIMESTAMP NOT NULL,
  `CSTM_UPDATED_TIME` TIMESTAMP NULL,
  `CSTM_REMARK` TEXT NULL,
  `CSTM_ACTIVE` TINYINT NOT NULL,
  `CSTM_CSST_ID` BIGINT UNSIGNED NOT NULL,
  `CSTM_CSLG_ID` BIGINT UNSIGNED NULL,
  PRIMARY KEY (`CSTM_ID`, `CSTM_CSST_ID`),
  INDEX `fk_CSTM_CSST_idx` (`CSTM_CSST_ID` ASC),
  INDEX `fk_CSTM_CSLG_idx` (`CSTM_CSLG_ID` ASC),
  UNIQUE INDEX `CSTM_ID_UNIQUE` (`CSTM_ID` ASC),
  UNIQUE INDEX `CSTM_EMAIL_UNIQUE` (`CSTM_EMAIL` ASC),
  CONSTRAINT `fk_CSTM_CSST`
    FOREIGN KEY (`CSTM_CSST_ID`)
    REFERENCES `smartpay2`.`CUSTOMER_STATUSES` (`CSST_ID`)
    ON DELETE NO ACTION
    ON UPDATE NO ACTION,
  CONSTRAINT `fk_CSTM_CSLG`
    FOREIGN KEY (`CSTM_CSLG_ID`)
    REFERENCES `smartpay2`.`CUSTOMER_LOGINS` (`CSLG_ID`)
    ON DELETE NO ACTION
    ON UPDATE NO ACTION)
ENGINE = InnoDB;


-- -----------------------------------------------------
-- Table `smartpay2`.`ORDERS`
-- -----------------------------------------------------
DROP TABLE IF EXISTS `smartpay2`.`ORDERS` ;

CREATE TABLE IF NOT EXISTS `smartpay2`.`ORDERS` (
  `ORDR_ID` BIGINT UNSIGNED NOT NULL AUTO_INCREMENT,
  `ORDR_MERCHANT_NUMBER` VARCHAR(32) NOT NULL,
  `ORDR_AMOUNT` FLOAT NOT NULL,
  `ORDR_GOODS_NAME` VARCHAR(128) NOT NULL,
  `ORDR_GOODS_AMOUNT` VARCHAR(128) NOT NULL,
  `ORDR_CREATED_TIME` TIMESTAMP NOT NULL,
  `ORDR_UPDATED_TIME` TIMESTAMP NULL,
  `ORDR_REMARK` TEXT NULL,
  `ORDR_ACTIVE` TINYINT NOT NULL,
  `ORDR_SITE_ID` BIGINT UNSIGNED NOT NULL,
  `ORDR_ORST_ID` BIGINT UNSIGNED NOT NULL,
  `ORDR_CRCY_ID` BIGINT UNSIGNED NOT NULL,
  `ORDR_CSTM_ID` BIGINT UNSIGNED NOT NULL,
  PRIMARY KEY (`ORDR_ID`, `ORDR_SITE_ID`, `ORDR_ORST_ID`, `ORDR_CRCY_ID`, `ORDR_CSTM_ID`),
  INDEX `fk_ORDR_SITE_idx` (`ORDR_SITE_ID` ASC),
  INDEX `fk_ORDR_ORST_idx` (`ORDR_ORST_ID` ASC),
  INDEX `fk_ORDR_CRCY_idx` (`ORDR_CRCY_ID` ASC),
  INDEX `fk_ORDR_CSTM_idx` (`ORDR_CSTM_ID` ASC),
  UNIQUE INDEX `ORDR_ID_UNIQUE` (`ORDR_ID` ASC),
  CONSTRAINT `fk_ORDR_SITE`
    FOREIGN KEY (`ORDR_SITE_ID`)
    REFERENCES `smartpay2`.`SITES` (`SITE_ID`)
    ON DELETE NO ACTION
    ON UPDATE NO ACTION,
  CONSTRAINT `fk_ORDR_ORST`
    FOREIGN KEY (`ORDR_ORST_ID`)
    REFERENCES `smartpay2`.`ORDER_STATUSES` (`ORST_ID`)
    ON DELETE NO ACTION
    ON UPDATE NO ACTION,
  CONSTRAINT `fk_ORDR_CRCY`
    FOREIGN KEY (`ORDR_CRCY_ID`)
    REFERENCES `smartpay2`.`CURRENCIES` (`CRCY_ID`)
    ON DELETE NO ACTION
    ON UPDATE NO ACTION,
  CONSTRAINT `fk_ORDR_CSTM`
    FOREIGN KEY (`ORDR_CSTM_ID`)
    REFERENCES `smartpay2`.`CUSTOMERS` (`CSTM_ID`)
    ON DELETE NO ACTION
    ON UPDATE NO ACTION)
ENGINE = InnoDB;


-- -----------------------------------------------------
-- Table `smartpay2`.`PAYMENT_STATUSES`
-- -----------------------------------------------------
DROP TABLE IF EXISTS `smartpay2`.`PAYMENT_STATUSES` ;

CREATE TABLE IF NOT EXISTS `smartpay2`.`PAYMENT_STATUSES` (
  `PYST_ID` BIGINT UNSIGNED NOT NULL AUTO_INCREMENT,
  `PYST_NAME` VARCHAR(32) NOT NULL,
  `PYST_DESCRIPTION` TEXT NULL,
  `PYST_ACTIVE` TINYINT NOT NULL,
  `PYST_CODE` VARCHAR(8) NOT NULL,
  PRIMARY KEY (`PYST_ID`),
  UNIQUE INDEX `PYST_ID_UNIQUE` (`PYST_ID` ASC),
  UNIQUE INDEX `PYST_NAME_UNIQUE` (`PYST_NAME` ASC),
  UNIQUE INDEX `PYST_CODE_UNIQUE` (`PYST_CODE` ASC))
ENGINE = InnoDB;


-- -----------------------------------------------------
-- Table `smartpay2`.`PAYMENT_TYPES`
-- -----------------------------------------------------
DROP TABLE IF EXISTS `smartpay2`.`PAYMENT_TYPES` ;

CREATE TABLE IF NOT EXISTS `smartpay2`.`PAYMENT_TYPES` (
  `PYTP_ID` BIGINT UNSIGNED NOT NULL AUTO_INCREMENT,
  `PYTP_NAME` VARCHAR(32) NOT NULL,
  `PYTP_DESCRIPTION` TEXT NULL,
  `PYTP_ACTIVE` TINYINT NOT NULL,
  `PYTP_CODE` VARCHAR(8) NOT NULL,
  PRIMARY KEY (`PYTP_ID`),
  UNIQUE INDEX `PYTP_ID_UNIQUE` (`PYTP_ID` ASC),
  UNIQUE INDEX `PYTP_NAME_UNIQUE` (`PYTP_NAME` ASC),
  UNIQUE INDEX `PYTP_CODE_UNIQUE` (`PYTP_CODE` ASC))
ENGINE = InnoDB;


-- -----------------------------------------------------
-- Table `smartpay2`.`WITHDRAWAL_STATUSES`
-- -----------------------------------------------------
DROP TABLE IF EXISTS `smartpay2`.`WITHDRAWAL_STATUSES` ;

CREATE TABLE IF NOT EXISTS `smartpay2`.`WITHDRAWAL_STATUSES` (
  `WDST_ID` BIGINT UNSIGNED NOT NULL AUTO_INCREMENT,
  `WDST_NAME` VARCHAR(32) NOT NULL,
  `WDST_DESCRIPTION` TEXT NULL,
  `WDST_ACTIVE` TINYINT NOT NULL,
  `WDST_CODE` VARCHAR(8) NOT NULL,
  PRIMARY KEY (`WDST_ID`),
  UNIQUE INDEX `PYST_ID_UNIQUE` (`WDST_ID` ASC),
  UNIQUE INDEX `PYST_NAME_UNIQUE` (`WDST_NAME` ASC),
  UNIQUE INDEX `PYST_CODE_UNIQUE` (`WDST_CODE` ASC))
ENGINE = InnoDB;


-- -----------------------------------------------------
-- Table `smartpay2`.`WITHDRAWALS`
-- -----------------------------------------------------
DROP TABLE IF EXISTS `smartpay2`.`WITHDRAWALS` ;

CREATE TABLE IF NOT EXISTS `smartpay2`.`WITHDRAWALS` (
  `WDRL_ID` BIGINT UNSIGNED NOT NULL AUTO_INCREMENT,
  `WDRL_BALANCE` DOUBLE NOT NULL,
  `WDRL_AMOUNT` DOUBLE NOT NULL,
  `WDRL_DATE_START` TIMESTAMP NOT NULL,
  `WDRL_DATE_END` TIMESTAMP NOT NULL,
  `WDRL_REQUESTED_BY` BIGINT UNSIGNED NOT NULL,
  `WDRL_AUDITED_BY` BIGINT UNSIGNED NULL,
  `WDRL_CREATED_TIME` TIMESTAMP NOT NULL,
  `WDRL_UPDATED_TIME` TIMESTAMP NOT NULL,
  `WDRL_MCHT_ID` BIGINT UNSIGNED NOT NULL,
  `WDRL_REMARK` TEXT NULL,
  `WDRL_ACTIVE` TINYINT NOT NULL,
  `WDRL_WDST_ID` BIGINT UNSIGNED NOT NULL,
  `WDRL_SECURITY_RATE` FLOAT NULL,
  `WDRL_SECURITY_DEPOSIT` DOUBLE NULL,
  `WDRL_SECURITY_WITHDRAWN` TINYINT NULL,
  PRIMARY KEY (`WDRL_ID`),
  UNIQUE INDEX `WDRL_ID_UNIQUE` (`WDRL_ID` ASC),
  INDEX `FK_WDRL_MCHT_idx` (`WDRL_MCHT_ID` ASC),
  INDEX `FK_WDRL_WDST_idx` (`WDRL_WDST_ID` ASC),
  CONSTRAINT `FK_WDRL_MCHT`
    FOREIGN KEY (`WDRL_MCHT_ID`)
    REFERENCES `smartpay2`.`MERCHANTS` (`MCHT_ID`)
    ON DELETE NO ACTION
    ON UPDATE NO ACTION,
  CONSTRAINT `FK_WDRL_WDST`
    FOREIGN KEY (`WDRL_WDST_ID`)
    REFERENCES `smartpay2`.`WITHDRAWAL_STATUSES` (`WDST_ID`)
    ON DELETE NO ACTION
    ON UPDATE NO ACTION)
ENGINE = InnoDB;


-- -----------------------------------------------------
-- Table `smartpay2`.`PAYMENTS`
-- -----------------------------------------------------
DROP TABLE IF EXISTS `smartpay2`.`PAYMENTS` ;

CREATE TABLE IF NOT EXISTS `smartpay2`.`PAYMENTS` (
  `PYMT_ID` BIGINT UNSIGNED NOT NULL AUTO_INCREMENT,
  `PYMT_AMOUNT` FLOAT NOT NULL,
  `PYMT_CREATED_TIME` TIMESTAMP NOT NULL,
  `PYMT_UPDATED_TIME` TIMESTAMP NULL,
  `PYMT_SUCCESS_TIME` TIMESTAMP NULL,
  `PYMT_FEE` FLOAT NOT NULL,
  `PYMT_CLIENT_IP` VARCHAR(45) NOT NULL,
  `PYMT_BANK_TRANSACTION_NUMBER` VARCHAR(128) NOT NULL,
  `PYMT_BANK_NAME` VARCHAR(128) NULL,
  `PYMT_BANK_RETURN_CODE` VARCHAR(128) NOT NULL,
  `PYMT_BANK_ACCOUNT_NUMBER` VARCHAR(128) NOT NULL,
  `PYMT_BANK_ACCOUNT_EXP_DATE` DATE NOT NULL,
  `PYMT_REMARK` TEXT NULL,
  `PYMT_BILL_FIRST_NAME` VARCHAR(32) NOT NULL,
  `PYMT_BILL_LAST_NAME` VARCHAR(32) NOT NULL,
  `PYMT_BILL_ADDRESS_1` VARCHAR(128) NOT NULL,
  `PYMT_BILL_ADDRESS_2` VARCHAR(128) NULL,
  `PYMT_BILL_CITY` VARCHAR(32) NOT NULL,
  `PYMT_BILL_STATE` VARCHAR(32) NOT NULL,
  `PYMT_BILL_ZIP_CODE` VARCHAR(32) NOT NULL,
  `PYMT_BILL_COUNTRY` VARCHAR(32) NOT NULL,
  `PYMT_ACTIVE` TINYINT NOT NULL,
  `PYMT_PYST_ID` BIGINT UNSIGNED NOT NULL,
  `PYMT_PYTP_ID` BIGINT UNSIGNED NOT NULL,
  `PYMT_ORDR_ID` BIGINT UNSIGNED NOT NULL,
  `PYMT_CRCY_ID` BIGINT UNSIGNED NOT NULL,
  `PYMT_WDRL_ID` BIGINT UNSIGNED NULL,
  PRIMARY KEY (`PYMT_ID`, `PYMT_PYST_ID`, `PYMT_PYTP_ID`, `PYMT_ORDR_ID`, `PYMT_CRCY_ID`),
  INDEX `fk_PYMT_PYST_idx` (`PYMT_PYST_ID` ASC),
  INDEX `fk_PYMT_PYTP_idx` (`PYMT_PYTP_ID` ASC),
  INDEX `fk_PYMT_ORDR_idx` (`PYMT_ORDR_ID` ASC),
  INDEX `fk_PYMT_CRCY_idx` (`PYMT_CRCY_ID` ASC),
  UNIQUE INDEX `PYMT_ID_UNIQUE` (`PYMT_ID` ASC),
  INDEX `FK_PYMT_WDRL_idx` (`PYMT_WDRL_ID` ASC),
  CONSTRAINT `fk_PYMT_PYST`
    FOREIGN KEY (`PYMT_PYST_ID`)
    REFERENCES `smartpay2`.`PAYMENT_STATUSES` (`PYST_ID`)
    ON DELETE NO ACTION
    ON UPDATE NO ACTION,
  CONSTRAINT `fk_PYMT_PYTP`
    FOREIGN KEY (`PYMT_PYTP_ID`)
    REFERENCES `smartpay2`.`PAYMENT_TYPES` (`PYTP_ID`)
    ON DELETE NO ACTION
    ON UPDATE NO ACTION,
  CONSTRAINT `fk_PYMT_ORDR`
    FOREIGN KEY (`PYMT_ORDR_ID`)
    REFERENCES `smartpay2`.`ORDERS` (`ORDR_ID`)
    ON DELETE NO ACTION
    ON UPDATE NO ACTION,
  CONSTRAINT `fk_PYMT_CRCY`
    FOREIGN KEY (`PYMT_CRCY_ID`)
    REFERENCES `smartpay2`.`CURRENCIES` (`CRCY_ID`)
    ON DELETE NO ACTION
    ON UPDATE NO ACTION,
  CONSTRAINT `FK_PYMT_WDRL`
    FOREIGN KEY (`PYMT_WDRL_ID`)
    REFERENCES `smartpay2`.`WITHDRAWALS` (`WDRL_ID`)
    ON DELETE NO ACTION
    ON UPDATE NO ACTION)
ENGINE = InnoDB;


-- -----------------------------------------------------
-- Table `smartpay2`.`SHIPMENT_STATUSES`
-- -----------------------------------------------------
DROP TABLE IF EXISTS `smartpay2`.`SHIPMENT_STATUSES` ;

CREATE TABLE IF NOT EXISTS `smartpay2`.`SHIPMENT_STATUSES` (
  `SHST_ID` BIGINT UNSIGNED NOT NULL AUTO_INCREMENT,
  `SHST_NAME` VARCHAR(32) NOT NULL,
  `SHST_DESCRIPTION` TEXT NULL,
  `SHST_ACTIVE` TINYINT NOT NULL,
  `SHST_CODE` VARCHAR(8) NOT NULL,
  PRIMARY KEY (`SHST_ID`),
  UNIQUE INDEX `SHST_ID_UNIQUE` (`SHST_ID` ASC),
  UNIQUE INDEX `SHST_NAME_UNIQUE` (`SHST_NAME` ASC),
  UNIQUE INDEX `SHST_CODE_UNIQUE` (`SHST_CODE` ASC))
ENGINE = InnoDB;


-- -----------------------------------------------------
-- Table `smartpay2`.`SHIPMENTS`
-- -----------------------------------------------------
DROP TABLE IF EXISTS `smartpay2`.`SHIPMENTS` ;

CREATE TABLE IF NOT EXISTS `smartpay2`.`SHIPMENTS` (
  `SHMT_ID` BIGINT UNSIGNED NOT NULL AUTO_INCREMENT,
  `SHMT_CARRIER` VARCHAR(32) NOT NULL,
  `SHMT_TRACKING_NUMBER` VARCHAR(64) NOT NULL,
  `SHMT_CREATED_TIME` TIMESTAMP NOT NULL,
  `SHMT_UPDATED_TIME` TIMESTAMP NULL,
  `SHMT_REMARK` TEXT NULL,
  `SHMT_FIRST_NAME` VARCHAR(32) NOT NULL,
  `SHMT_LAST_NAME` VARCHAR(32) NOT NULL,
  `SHMT_ADDRESS_1` VARCHAR(128) NOT NULL,
  `SHMT_ADDRESS_2` VARCHAR(128) NULL,
  `SHMT_CITY` VARCHAR(32) NOT NULL,
  `SHMT_STATE` VARCHAR(32) NOT NULL,
  `SHMT_COUNTRY` VARCHAR(32) NOT NULL,
  `SHMT_ZIP_CODE` VARCHAR(16) NOT NULL,
  `SHMT_ACTIVE` TINYINT NOT NULL,
  `SHMT_SHST_ID` BIGINT UNSIGNED NOT NULL,
  `SHMT_ORDR_ID` BIGINT UNSIGNED NOT NULL,
  PRIMARY KEY (`SHMT_ID`, `SHMT_SHST_ID`, `SHMT_ORDR_ID`),
  INDEX `fk_SHMT_SHST_idx` (`SHMT_SHST_ID` ASC),
  INDEX `fk_SHMT_ORDR_idx` (`SHMT_ORDR_ID` ASC),
  UNIQUE INDEX `SHMT_ID_UNIQUE` (`SHMT_ID` ASC),
  CONSTRAINT `fk_SHMT_SHST`
    FOREIGN KEY (`SHMT_SHST_ID`)
    REFERENCES `smartpay2`.`SHIPMENT_STATUSES` (`SHST_ID`)
    ON DELETE NO ACTION
    ON UPDATE NO ACTION,
  CONSTRAINT `fk_SHMP_ORDR`
    FOREIGN KEY (`SHMT_ORDR_ID`)
    REFERENCES `smartpay2`.`ORDERS` (`ORDR_ID`)
    ON DELETE NO ACTION
    ON UPDATE NO ACTION)
ENGINE = InnoDB;


-- -----------------------------------------------------
-- Table `smartpay2`.`RETURN_STATUSES`
-- -----------------------------------------------------
DROP TABLE IF EXISTS `smartpay2`.`RETURN_STATUSES` ;

CREATE TABLE IF NOT EXISTS `smartpay2`.`RETURN_STATUSES` (
  `RTST_ID` BIGINT UNSIGNED NOT NULL AUTO_INCREMENT,
  `RTST_NAME` VARCHAR(32) NOT NULL,
  `RTST_DESCRIPTION` TEXT NULL,
  `RTST_ACTIVE` TINYINT NOT NULL,
  `RTST_CODE` VARCHAR(8) NOT NULL,
  PRIMARY KEY (`RTST_ID`),
  UNIQUE INDEX `RTST_ID_UNIQUE` (`RTST_ID` ASC),
  UNIQUE INDEX `RTST_NAME_UNIQUE` (`RTST_NAME` ASC),
  UNIQUE INDEX `RTST_CODE_UNIQUE` (`RTST_CODE` ASC))
ENGINE = InnoDB;


-- -----------------------------------------------------
-- Table `smartpay2`.`REFUND_STATUSES`
-- -----------------------------------------------------
DROP TABLE IF EXISTS `smartpay2`.`REFUND_STATUSES` ;

CREATE TABLE IF NOT EXISTS `smartpay2`.`REFUND_STATUSES` (
  `RFST_ID` BIGINT UNSIGNED NOT NULL AUTO_INCREMENT,
  `RFST_NAME` VARCHAR(32) NOT NULL,
  `RFST_DESCRIPTION` TEXT NULL,
  `RFST_ACTIVE` TINYINT NOT NULL,
  `RFST_CODE` VARCHAR(8) NOT NULL,
  PRIMARY KEY (`RFST_ID`),
  UNIQUE INDEX `RFST_ID_UNIQUE` (`RFST_ID` ASC),
  UNIQUE INDEX `RFST_NAME_UNIQUE` (`RFST_NAME` ASC),
  UNIQUE INDEX `RFST_CODE_UNIQUE` (`RFST_CODE` ASC))
ENGINE = InnoDB;


-- -----------------------------------------------------
-- Table `smartpay2`.`RETURNS`
-- -----------------------------------------------------
DROP TABLE IF EXISTS `smartpay2`.`RETURNS` ;

CREATE TABLE IF NOT EXISTS `smartpay2`.`RETURNS` (
  `RTRN_ID` BIGINT UNSIGNED NOT NULL AUTO_INCREMENT,
  `RTRN_MERCHANT_NUMBER` VARCHAR(32) NOT NULL,
  `RTRN_GOODS_NAME` VARCHAR(128) NOT NULL,
  `RTRN_GOODS_AMOUNT` VARCHAR(128) NOT NULL,
  `RTRN_CREATED_TIME` TIMESTAMP NOT NULL,
  `RTRN_UPDATED_TIME` TIMESTAMP NULL,
  `RTRN_REMARK` TEXT NULL,
  `RTRN_ACTIVE` TINYINT NOT NULL,
  `RTRN_RTST_ID` BIGINT UNSIGNED NOT NULL,
  `RTRN_ORDR_ID` BIGINT UNSIGNED NOT NULL,
  PRIMARY KEY (`RTRN_ID`, `RTRN_RTST_ID`, `RTRN_ORDR_ID`),
  INDEX `fk_RTRN_RTST_idx` (`RTRN_RTST_ID` ASC),
  INDEX `fk_RTRN_ORDR_idx` (`RTRN_ORDR_ID` ASC),
  UNIQUE INDEX `RTRN_ID_UNIQUE` (`RTRN_ID` ASC),
  CONSTRAINT `fk_RTRN_RTST`
    FOREIGN KEY (`RTRN_RTST_ID`)
    REFERENCES `smartpay2`.`RETURN_STATUSES` (`RTST_ID`)
    ON DELETE NO ACTION
    ON UPDATE NO ACTION,
  CONSTRAINT `fk_RTRN_ORDR`
    FOREIGN KEY (`RTRN_ORDR_ID`)
    REFERENCES `smartpay2`.`ORDERS` (`ORDR_ID`)
    ON DELETE NO ACTION
    ON UPDATE NO ACTION)
ENGINE = InnoDB;


-- -----------------------------------------------------
-- Table `smartpay2`.`REFUNDS`
-- -----------------------------------------------------
DROP TABLE IF EXISTS `smartpay2`.`REFUNDS` ;

CREATE TABLE IF NOT EXISTS `smartpay2`.`REFUNDS` (
  `RFND_ID` BIGINT UNSIGNED NOT NULL AUTO_INCREMENT,
  `RFND_AMOUNT` FLOAT NOT NULL,
  `RFND_CREATED_TIME` TIMESTAMP NOT NULL,
  `RFND_UPDATED_TIME` TIMESTAMP NULL,
  `RFND_SUCCESS_TIME` TIMESTAMP NULL,
  `RFND_BANK_TRANSACTION_NUMBER` VARCHAR(128) NOT NULL,
  `RFND_BANK_NAME` VARCHAR(128) NULL,
  `RFND_BANK_RETURN_CODE` VARCHAR(128) NOT NULL,
  `RFND_BANK_ACCOUNT_NUMBER` VARCHAR(128) NOT NULL,
  `RFND_BANK_ACCOUNT_EXP_DATE` DATE NOT NULL,
  `RFND_REMARK` TEXT NULL,
  `RFND_BILL_FIRST_NAME` VARCHAR(32) NOT NULL,
  `RFND_BILL_LAST_NAME` VARCHAR(32) NULL,
  `RFND_BILL_ADDRESS_1` VARCHAR(128) NOT NULL,
  `RFND_BILL_ADDRESS_2` VARCHAR(128) NULL,
  `RFND_BILL_CITY` VARCHAR(32) NOT NULL,
  `RFND_BILL_STATE` VARCHAR(32) NOT NULL,
  `RFND_BILL_ZIP_CODE` VARCHAR(32) NOT NULL,
  `RFND_BILL_COUNTRY` VARCHAR(32) NULL,
  `RFND_ACTIVE` TINYINT NOT NULL,
  `RFND_RFST_ID` BIGINT UNSIGNED NOT NULL,
  `RFND_ORDR_ID` BIGINT UNSIGNED NOT NULL,
  `RFND_CRCY_ID` BIGINT UNSIGNED NOT NULL,
  PRIMARY KEY (`RFND_ID`, `RFND_RFST_ID`, `RFND_ORDR_ID`, `RFND_CRCY_ID`),
  INDEX `fk_RFND_RFST_idx` (`RFND_RFST_ID` ASC),
  INDEX `fk_RFND_ORDR_idx` (`RFND_ORDR_ID` ASC),
  INDEX `fk_RFND_CRCY_idx` (`RFND_CRCY_ID` ASC),
  UNIQUE INDEX `RFND_ID_UNIQUE` (`RFND_ID` ASC),
  CONSTRAINT `fk_RFND_RFST`
    FOREIGN KEY (`RFND_RFST_ID`)
    REFERENCES `smartpay2`.`REFUND_STATUSES` (`RFST_ID`)
    ON DELETE NO ACTION
    ON UPDATE NO ACTION,
  CONSTRAINT `fk_RFND_ORDR`
    FOREIGN KEY (`RFND_ORDR_ID`)
    REFERENCES `smartpay2`.`ORDERS` (`ORDR_ID`)
    ON DELETE NO ACTION
    ON UPDATE NO ACTION,
  CONSTRAINT `fk_RFND_CRCY`
    FOREIGN KEY (`RFND_CRCY_ID`)
    REFERENCES `smartpay2`.`CURRENCIES` (`CRCY_ID`)
    ON DELETE NO ACTION
    ON UPDATE NO ACTION)
ENGINE = InnoDB;


-- -----------------------------------------------------
-- Table `smartpay2`.`ROLE_PERMISSION_MAPPINGS`
-- -----------------------------------------------------
DROP TABLE IF EXISTS `smartpay2`.`ROLE_PERMISSION_MAPPINGS` ;

CREATE TABLE IF NOT EXISTS `smartpay2`.`ROLE_PERMISSION_MAPPINGS` (
  `RPMP_ROLE_ID` BIGINT UNSIGNED NOT NULL,
  `RPMP_PRMS_ID` BIGINT UNSIGNED NOT NULL,
  PRIMARY KEY (`RPMP_ROLE_ID`, `RPMP_PRMS_ID`),
  INDEX `fk_RPMP_PRMS_idx` (`RPMP_PRMS_ID` ASC),
  INDEX `fk_RPMP_ROLE_idx` (`RPMP_ROLE_ID` ASC),
  CONSTRAINT `fk_RPMP_ROLE`
    FOREIGN KEY (`RPMP_ROLE_ID`)
    REFERENCES `smartpay2`.`ROLES` (`ROLE_ID`)
    ON DELETE NO ACTION
    ON UPDATE NO ACTION,
  CONSTRAINT `fk_RPMP_PRMS`
    FOREIGN KEY (`RPMP_PRMS_ID`)
    REFERENCES `smartpay2`.`PERMISSIONS` (`PRMS_ID`)
    ON DELETE NO ACTION
    ON UPDATE NO ACTION)
ENGINE = InnoDB;


-- -----------------------------------------------------
-- Table `smartpay2`.`CLAIMS`
-- -----------------------------------------------------
DROP TABLE IF EXISTS `smartpay2`.`CLAIMS` ;

CREATE TABLE IF NOT EXISTS `smartpay2`.`CLAIMS` (
  `CLAM_ID` BIGINT UNSIGNED NOT NULL AUTO_INCREMENT,
  `CLAM_REMARK` TEXT NULL,
  `CLAM_ATTACHMENT` BLOB NULL,
  `CLAM_PYMT_ID` BIGINT UNSIGNED NOT NULL,
  `CLAM_CREATED_TIME` TIMESTAMP NOT NULL,
  `CLAM_UPDATED_TIME` TIMESTAMP NULL,
  `CLAM_ACTIVE` TINYINT NOT NULL,
  PRIMARY KEY (`CLAM_ID`, `CLAM_PYMT_ID`),
  UNIQUE INDEX `CLAM_ID_UNIQUE` (`CLAM_ID` ASC),
  INDEX `fk_CLAIMS_PAYMENTS1_idx` (`CLAM_PYMT_ID` ASC),
  CONSTRAINT `fk_CLAIMS_PAYMENTS`
    FOREIGN KEY (`CLAM_PYMT_ID`)
    REFERENCES `smartpay2`.`PAYMENTS` (`PYMT_ID`)
    ON DELETE NO ACTION
    ON UPDATE NO ACTION)
ENGINE = InnoDB;


-- -----------------------------------------------------
-- Table `smartpay2`.`LOGS`
-- -----------------------------------------------------
DROP TABLE IF EXISTS `smartpay2`.`LOGS` ;

CREATE TABLE IF NOT EXISTS `smartpay2`.`LOGS` (
  `LOG_ID` BIGINT UNSIGNED NOT NULL AUTO_INCREMENT,
  `LOG_USERNAME` VARCHAR(127) NOT NULL,
  `LOG_CONTENT` TEXT NOT NULL,
  `LOG_CREATED_TIME` TIMESTAMP NOT NULL,
  `LOG_ACTIVE` TINYINT NOT NULL,
  PRIMARY KEY (`LOG_ID`),
  UNIQUE INDEX `LOG_ID_UNIQUE` (`LOG_ID` ASC))
ENGINE = InnoDB;


-- -----------------------------------------------------
-- Table `smartpay2`.`ANNOUNCEMENTS`
-- -----------------------------------------------------
DROP TABLE IF EXISTS `smartpay2`.`ANNOUNCEMENTS` ;

CREATE TABLE IF NOT EXISTS `smartpay2`.`ANNOUNCEMENTS` (
  `ANMT_ID` BIGINT UNSIGNED NOT NULL AUTO_INCREMENT,
  `ANMT_CONTENT` TEXT NOT NULL,
  `ANMT_CREATED_TIME` TIMESTAMP NOT NULL,
  `ANMT_ACTIVE` TINYINT NOT NULL,
  `ANMT_TITLE` VARCHAR(32) NOT NULL,
  PRIMARY KEY (`ANMT_ID`),
  UNIQUE INDEX `LOG_ID_UNIQUE` (`ANMT_ID` ASC))
ENGINE = InnoDB;


-- -----------------------------------------------------
-- Table `smartpay2`.`USER_ROLE_MAPPINGS`
-- -----------------------------------------------------
DROP TABLE IF EXISTS `smartpay2`.`USER_ROLE_MAPPINGS` ;

CREATE TABLE IF NOT EXISTS `smartpay2`.`USER_ROLE_MAPPINGS` (
  `URMP_USER_ID` BIGINT UNSIGNED NOT NULL,
  `URMP_ROLE_ID` BIGINT UNSIGNED NOT NULL,
  PRIMARY KEY (`URMP_USER_ID`, `URMP_ROLE_ID`),
  INDEX `FK_ROLE_idx` (`URMP_ROLE_ID` ASC),
  CONSTRAINT `FK_URMP_USER`
    FOREIGN KEY (`URMP_USER_ID`)
    REFERENCES `smartpay2`.`USERS` (`USER_ID`)
    ON DELETE NO ACTION
    ON UPDATE NO ACTION,
  CONSTRAINT `FK_URMP_ROLE`
    FOREIGN KEY (`URMP_ROLE_ID`)
    REFERENCES `smartpay2`.`ROLES` (`ROLE_ID`)
    ON DELETE NO ACTION
    ON UPDATE NO ACTION)
ENGINE = InnoDB;


-- -----------------------------------------------------
-- Table `smartpay2`.`USER_PERMISSION_MAPPINGS`
-- -----------------------------------------------------
DROP TABLE IF EXISTS `smartpay2`.`USER_PERMISSION_MAPPINGS` ;

CREATE TABLE IF NOT EXISTS `smartpay2`.`USER_PERMISSION_MAPPINGS` (
  `UPMP_USER_ID` BIGINT UNSIGNED NOT NULL,
  `UPMP_PRMS_ID` BIGINT UNSIGNED NOT NULL,
  PRIMARY KEY (`UPMP_USER_ID`, `UPMP_PRMS_ID`),
  INDEX `FK_URMP_ROLE_idx` (`UPMP_PRMS_ID` ASC),
  CONSTRAINT `FK_UPMP_USER`
    FOREIGN KEY (`UPMP_USER_ID`)
    REFERENCES `smartpay2`.`USERS` (`USER_ID`)
    ON DELETE NO ACTION
    ON UPDATE NO ACTION,
  CONSTRAINT `FK_UPMP_PRMS`
    FOREIGN KEY (`UPMP_PRMS_ID`)
    REFERENCES `smartpay2`.`PERMISSIONS` (`PRMS_ID`)
    ON DELETE NO ACTION
    ON UPDATE NO ACTION)
ENGINE = InnoDB;


SET SQL_MODE=@OLD_SQL_MODE;
SET FOREIGN_KEY_CHECKS=@OLD_FOREIGN_KEY_CHECKS;
SET UNIQUE_CHECKS=@OLD_UNIQUE_CHECKS;

-- -----------------------------------------------------
-- Data for table `smartpay2`.`MERCHANT_STATUSES`
-- -----------------------------------------------------
START TRANSACTION;
USE `smartpay2`;
INSERT INTO `smartpay2`.`MERCHANT_STATUSES` (`MCST_ID`, `MCST_NAME`, `MCST_DESCRIPTION`, `MCST_ACTIVE`, `MCST_CODE`) VALUES (NULL, 'Normal', 'Normal', 1, '200');
INSERT INTO `smartpay2`.`MERCHANT_STATUSES` (`MCST_ID`, `MCST_NAME`, `MCST_DESCRIPTION`, `MCST_ACTIVE`, `MCST_CODE`) VALUES (NULL, 'Frozen', 'Frozen', 1, '500');

COMMIT;


-- -----------------------------------------------------
-- Data for table `smartpay2`.`CREDENTIAL_STATUSES`
-- -----------------------------------------------------
START TRANSACTION;
USE `smartpay2`;
INSERT INTO `smartpay2`.`CREDENTIAL_STATUSES` (`CRST_ID`, `CRST_NAME`, `CRST_DESCRIPTION`, `CRST_ACTIVE`, `CRST_CODE`) VALUES (NULL, 'Submitted', 'The credential is submitted for approval.', 1, '400');
INSERT INTO `smartpay2`.`CREDENTIAL_STATUSES` (`CRST_ID`, `CRST_NAME`, `CRST_DESCRIPTION`, `CRST_ACTIVE`, `CRST_CODE`) VALUES (NULL, 'Approved', 'The credential is approved.', 1, '500');
INSERT INTO `smartpay2`.`CREDENTIAL_STATUSES` (`CRST_ID`, `CRST_NAME`, `CRST_DESCRIPTION`, `CRST_ACTIVE`, `CRST_CODE`) VALUES (NULL, 'Denied', 'The credential is denied.', 1, '502');
INSERT INTO `smartpay2`.`CREDENTIAL_STATUSES` (`CRST_ID`, `CRST_NAME`, `CRST_DESCRIPTION`, `CRST_ACTIVE`, `CRST_CODE`) VALUES (NULL, 'Expired', 'The credential has expired.', 1, '404');

COMMIT;


-- -----------------------------------------------------
-- Data for table `smartpay2`.`CREDENTIAL_TYPES`
-- -----------------------------------------------------
START TRANSACTION;
USE `smartpay2`;
INSERT INTO `smartpay2`.`CREDENTIAL_TYPES` (`CRTP_ID`, `CRTP_NAME`, `CRTP_DESCRIPTION`, `CRTP_ACTIVE`, `CRTP_CODE`) VALUES (NULL, 'Certificate', 'Certificate', 1, '100');

COMMIT;


-- -----------------------------------------------------
-- Data for table `smartpay2`.`FEE_TYPES`
-- -----------------------------------------------------
START TRANSACTION;
USE `smartpay2`;
INSERT INTO `smartpay2`.`FEE_TYPES` (`FETP_ID`, `FETP_NAME`, `FETP_DESCRIPTION`, `FETP_ACTIVE`, `FETP_CODE`) VALUES (NULL, 'Static', 'Static amount for every transaction', 1, '100');
INSERT INTO `smartpay2`.`FEE_TYPES` (`FETP_ID`, `FETP_NAME`, `FETP_DESCRIPTION`, `FETP_ACTIVE`, `FETP_CODE`) VALUES (NULL, 'Percentage', 'Percentage based on the transaction amount', 1, '101');

COMMIT;


-- -----------------------------------------------------
-- Data for table `smartpay2`.`ENCRYPTION_TYPES`
-- -----------------------------------------------------
START TRANSACTION;
USE `smartpay2`;
INSERT INTO `smartpay2`.`ENCRYPTION_TYPES` (`ENTP_ID`, `ENTP_NAME`, `ENTP_DESCRIPTION`, `ENTP_ACTIVE`, `ENTP_CODE`) VALUES (NULL, 'MD5', 'MD5 Algorithm', 1, '100');
INSERT INTO `smartpay2`.`ENCRYPTION_TYPES` (`ENTP_ID`, `ENTP_NAME`, `ENTP_DESCRIPTION`, `ENTP_ACTIVE`, `ENTP_CODE`) VALUES (NULL, 'SHA', 'SHA Algorithm', 1, '101');

COMMIT;


-- -----------------------------------------------------
-- Data for table `smartpay2`.`ACCOUNT_TYPES`
-- -----------------------------------------------------
START TRANSACTION;
USE `smartpay2`;
INSERT INTO `smartpay2`.`ACCOUNT_TYPES` (`ACTP_ID`, `ACTP_NAME`, `ACTP_DESCRIPTION`, `ACTP_ACTIVE`, `ACTP_CODE`) VALUES (NULL, 'Bank', 'The account is the bank account number.', 1, '100');
INSERT INTO `smartpay2`.`ACCOUNT_TYPES` (`ACTP_ID`, `ACTP_NAME`, `ACTP_DESCRIPTION`, `ACTP_ACTIVE`, `ACTP_CODE`) VALUES (NULL, 'Card', 'The account is a bank card.', 1, '200');

COMMIT;


-- -----------------------------------------------------
-- Data for table `smartpay2`.`ACCOUNT_STATUSES`
-- -----------------------------------------------------
START TRANSACTION;
USE `smartpay2`;
INSERT INTO `smartpay2`.`ACCOUNT_STATUSES` (`ACST_ID`, `ACST_NAME`, `ACST_DESCRIPTION`, `ACST_ACTIVE`, `ACST_CODE`) VALUES (NULL, 'Normal', 'The merchant account is normal.', 1, '200');
INSERT INTO `smartpay2`.`ACCOUNT_STATUSES` (`ACST_ID`, `ACST_NAME`, `ACST_DESCRIPTION`, `ACST_ACTIVE`, `ACST_CODE`) VALUES (NULL, 'Frozen', 'The merchant account is frozen.', 1, '400');

COMMIT;


-- -----------------------------------------------------
-- Data for table `smartpay2`.`SITE_STATUSES`
-- -----------------------------------------------------
START TRANSACTION;
USE `smartpay2`;
INSERT INTO `smartpay2`.`SITE_STATUSES` (`SIST_ID`, `SIST_NAME`, `SIST_DESCRIPTION`, `SIST_ACTIVE`, `SIST_CODE`) VALUES (NULL, 'Created', 'Created and wait for approval', 1, '400');
INSERT INTO `smartpay2`.`SITE_STATUSES` (`SIST_ID`, `SIST_NAME`, `SIST_DESCRIPTION`, `SIST_ACTIVE`, `SIST_CODE`) VALUES (NULL, 'Approved', 'Approved to operation', 1, '500');
INSERT INTO `smartpay2`.`SITE_STATUSES` (`SIST_ID`, `SIST_NAME`, `SIST_DESCRIPTION`, `SIST_ACTIVE`, `SIST_CODE`) VALUES (NULL, 'Frozen', 'Frozen', 1, '401');
INSERT INTO `smartpay2`.`SITE_STATUSES` (`SIST_ID`, `SIST_NAME`, `SIST_DESCRIPTION`, `SIST_ACTIVE`, `SIST_CODE`) VALUES (NULL, 'Declined', 'Declined', 1, '501');

COMMIT;


-- -----------------------------------------------------
-- Data for table `smartpay2`.`USER_STATUSES`
-- -----------------------------------------------------
START TRANSACTION;
USE `smartpay2`;
INSERT INTO `smartpay2`.`USER_STATUSES` (`USST_ID`, `USST_NAME`, `USST_DESCRIPTION`, `USST_ACTIVE`, `USST_CODE`) VALUES (1, 'Normal', 'Normal', 1, '100');
INSERT INTO `smartpay2`.`USER_STATUSES` (`USST_ID`, `USST_NAME`, `USST_DESCRIPTION`, `USST_ACTIVE`, `USST_CODE`) VALUES (2, 'Deactived', 'Deactived', 1, '400');
INSERT INTO `smartpay2`.`USER_STATUSES` (`USST_ID`, `USST_NAME`, `USST_DESCRIPTION`, `USST_ACTIVE`, `USST_CODE`) VALUES (3, 'Frozen', 'Frozen', 1, '501');

COMMIT;


-- -----------------------------------------------------
-- Data for table `smartpay2`.`USERS`
-- -----------------------------------------------------
START TRANSACTION;
USE `smartpay2`;
INSERT INTO `smartpay2`.`USERS` (`USER_ID`, `USER_USERNAME`, `USER_PASSWORD`, `USER_FIRST_NAME`, `USER_LAST_NAME`, `USER_EMAIL`, `USER_PROFILE_IMAGE`, `USER_REMARK`, `USER_CREATED_TIME`, `USER_UPDATED_TIME`, `USER_ACTIVE`, `USER_MCHT_ID`, `USER_USST_ID`) VALUES (1, 'admin', '$2a$10$Ce2HJja0Trha0ee3.rMqQewIzJMVe87.jNi5zF5gDdsyvHjJsnwOm', 'Admin', 'Admin', 'ironaire@gmail.com', NULL, NULL, now(), NULL, 1, NULL, 1);

COMMIT;


-- -----------------------------------------------------
-- Data for table `smartpay2`.`ROLES`
-- -----------------------------------------------------
START TRANSACTION;
USE `smartpay2`;
INSERT INTO `smartpay2`.`ROLES` (`ROLE_ID`, `ROLE_NAME`, `ROLE_DESCRIPTION`, `ROLE_ACTIVE`, `ROLE_CODE`) VALUES (1, 'ROLE_ADMIN', 'System Admin', 1, '100');
INSERT INTO `smartpay2`.`ROLES` (`ROLE_ID`, `ROLE_NAME`, `ROLE_DESCRIPTION`, `ROLE_ACTIVE`, `ROLE_CODE`) VALUES (2, 'ROLE_MERCHANT_ADMIN', 'Merchant Admin', 1, '200');
INSERT INTO `smartpay2`.`ROLES` (`ROLE_ID`, `ROLE_NAME`, `ROLE_DESCRIPTION`, `ROLE_ACTIVE`, `ROLE_CODE`) VALUES (3, 'ROLE_MERCHANT_OPERATOR', 'Merchant Operator', 1, '201');
INSERT INTO `smartpay2`.`ROLES` (`ROLE_ID`, `ROLE_NAME`, `ROLE_DESCRIPTION`, `ROLE_ACTIVE`, `ROLE_CODE`) VALUES (4, 'ROLE_ADMIN_OPERATOR', 'Admin Operator', 1, '101');

COMMIT;


-- -----------------------------------------------------
-- Data for table `smartpay2`.`MENU_CATEGORIES`
-- -----------------------------------------------------
START TRANSACTION;
USE `smartpay2`;
INSERT INTO `smartpay2`.`MENU_CATEGORIES` (`MNCG_ID`, `MNCG_NAME`, `MNCG_INDEX`) VALUES (1, 'merchantManagement', 1);
INSERT INTO `smartpay2`.`MENU_CATEGORIES` (`MNCG_ID`, `MNCG_NAME`, `MNCG_INDEX`) VALUES (2, 'siteManagement', 2);
INSERT INTO `smartpay2`.`MENU_CATEGORIES` (`MNCG_ID`, `MNCG_NAME`, `MNCG_INDEX`) VALUES (3, 'userManagement', 3);
INSERT INTO `smartpay2`.`MENU_CATEGORIES` (`MNCG_ID`, `MNCG_NAME`, `MNCG_INDEX`) VALUES (4, 'orderManagement', 4);
INSERT INTO `smartpay2`.`MENU_CATEGORIES` (`MNCG_ID`, `MNCG_NAME`, `MNCG_INDEX`) VALUES (5, 'paymentManagement', 5);
INSERT INTO `smartpay2`.`MENU_CATEGORIES` (`MNCG_ID`, `MNCG_NAME`, `MNCG_INDEX`) VALUES (6, 'claimManagement', 6);
INSERT INTO `smartpay2`.`MENU_CATEGORIES` (`MNCG_ID`, `MNCG_NAME`, `MNCG_INDEX`) VALUES (7, 'systemManagement', 7);
INSERT INTO `smartpay2`.`MENU_CATEGORIES` (`MNCG_ID`, `MNCG_NAME`, `MNCG_INDEX`) VALUES (8, 'withdrawalManagement', 8);

COMMIT;


-- -----------------------------------------------------
-- Data for table `smartpay2`.`MENU_ITEMS`
-- -----------------------------------------------------
START TRANSACTION;
USE `smartpay2`;
INSERT INTO `smartpay2`.`MENU_ITEMS` (`MENU_ID`, `MENU_NAME`, `MENU_INDEX`, `MENU_TARGET`, `MENU_MNCG_ID`) VALUES (1, 'manageMerchantBasicInfo', 11, 'merchant/index/all', 1);
INSERT INTO `smartpay2`.`MENU_ITEMS` (`MENU_ID`, `MENU_NAME`, `MENU_INDEX`, `MENU_TARGET`, `MENU_MNCG_ID`) VALUES (2, 'manageMerchantSetting', 12, 'merchant/index/setting', 1);
INSERT INTO `smartpay2`.`MENU_ITEMS` (`MENU_ID`, `MENU_NAME`, `MENU_INDEX`, `MENU_TARGET`, `MENU_MNCG_ID`) VALUES (3, 'manageArchiveMerchant', 13, 'merchant/index/archive', 1);
INSERT INTO `smartpay2`.`MENU_ITEMS` (`MENU_ID`, `MENU_NAME`, `MENU_INDEX`, `MENU_TARGET`, `MENU_MNCG_ID`) VALUES (4, 'manageSite', 21, 'site/index/all', 2);
INSERT INTO `smartpay2`.`MENU_ITEMS` (`MENU_ID`, `MENU_NAME`, `MENU_INDEX`, `MENU_TARGET`, `MENU_MNCG_ID`) VALUES (5, 'manageArchiveSite', 22, 'site/index/archive', 2);
INSERT INTO `smartpay2`.`MENU_ITEMS` (`MENU_ID`, `MENU_NAME`, `MENU_INDEX`, `MENU_TARGET`, `MENU_MNCG_ID`) VALUES (6, 'manageOperator', 31, 'user/index/operator', 3);
INSERT INTO `smartpay2`.`MENU_ITEMS` (`MENU_ID`, `MENU_NAME`, `MENU_INDEX`, `MENU_TARGET`, `MENU_MNCG_ID`) VALUES (7, 'manageMerchantAdmin', 32, 'user/index/merchantAdmin', 3);
INSERT INTO `smartpay2`.`MENU_ITEMS` (`MENU_ID`, `MENU_NAME`, `MENU_INDEX`, `MENU_TARGET`, `MENU_MNCG_ID`) VALUES (8, 'manageMerchantOperator', 33, 'user/index/merchantOperator', 3);
INSERT INTO `smartpay2`.`MENU_ITEMS` (`MENU_ID`, `MENU_NAME`, `MENU_INDEX`, `MENU_TARGET`, `MENU_MNCG_ID`) VALUES (9, 'manageOperatorPermission', 34, 'user/manage/permission', 3);
INSERT INTO `smartpay2`.`MENU_ITEMS` (`MENU_ID`, `MENU_NAME`, `MENU_INDEX`, `MENU_TARGET`, `MENU_MNCG_ID`) VALUES (10, 'manageMerchantOperatorPermission', 35, 'user/manage/operatorPermission', 3);
INSERT INTO `smartpay2`.`MENU_ITEMS` (`MENU_ID`, `MENU_NAME`, `MENU_INDEX`, `MENU_TARGET`, `MENU_MNCG_ID`) VALUES (11, 'manageArchiveUser', 36, 'user/index/archive', 3);
INSERT INTO `smartpay2`.`MENU_ITEMS` (`MENU_ID`, `MENU_NAME`, `MENU_INDEX`, `MENU_TARGET`, `MENU_MNCG_ID`) VALUES (12, 'manageOrder', 41, 'order/index/all', 4);
INSERT INTO `smartpay2`.`MENU_ITEMS` (`MENU_ID`, `MENU_NAME`, `MENU_INDEX`, `MENU_TARGET`, `MENU_MNCG_ID`) VALUES (13, 'manageShipping', 42, 'shipment/index/all', 4);
INSERT INTO `smartpay2`.`MENU_ITEMS` (`MENU_ID`, `MENU_NAME`, `MENU_INDEX`, `MENU_TARGET`, `MENU_MNCG_ID`) VALUES (14, 'manageArchiveOrder', 43, 'order/index/archive', 4);
INSERT INTO `smartpay2`.`MENU_ITEMS` (`MENU_ID`, `MENU_NAME`, `MENU_INDEX`, `MENU_TARGET`, `MENU_MNCG_ID`) VALUES (15, 'manageArchiveShipping', 44, 'shipment/index/archive', 4);
INSERT INTO `smartpay2`.`MENU_ITEMS` (`MENU_ID`, `MENU_NAME`, `MENU_INDEX`, `MENU_TARGET`, `MENU_MNCG_ID`) VALUES (16, 'managePayment', 51, 'payment/index/all', 5);
INSERT INTO `smartpay2`.`MENU_ITEMS` (`MENU_ID`, `MENU_NAME`, `MENU_INDEX`, `MENU_TARGET`, `MENU_MNCG_ID`) VALUES (17, 'manageRefund', 52, 'refund/index/all', 5);
INSERT INTO `smartpay2`.`MENU_ITEMS` (`MENU_ID`, `MENU_NAME`, `MENU_INDEX`, `MENU_TARGET`, `MENU_MNCG_ID`) VALUES (18, 'auditRefund', 53, 'refund/audit', 5);
INSERT INTO `smartpay2`.`MENU_ITEMS` (`MENU_ID`, `MENU_NAME`, `MENU_INDEX`, `MENU_TARGET`, `MENU_MNCG_ID`) VALUES (19, 'manageArchivePayment', 54, 'payment/index/archive', 5);
INSERT INTO `smartpay2`.`MENU_ITEMS` (`MENU_ID`, `MENU_NAME`, `MENU_INDEX`, `MENU_TARGET`, `MENU_MNCG_ID`) VALUES (20, 'manageArchiveRefund', 55, 'refund/index/archive', 5);
INSERT INTO `smartpay2`.`MENU_ITEMS` (`MENU_ID`, `MENU_NAME`, `MENU_INDEX`, `MENU_TARGET`, `MENU_MNCG_ID`) VALUES (21, 'manageComplain', 61, 'claim/index/all', 6);
INSERT INTO `smartpay2`.`MENU_ITEMS` (`MENU_ID`, `MENU_NAME`, `MENU_INDEX`, `MENU_TARGET`, `MENU_MNCG_ID`) VALUES (22, 'auditComplain', 62, 'claim/audit', 6);
INSERT INTO `smartpay2`.`MENU_ITEMS` (`MENU_ID`, `MENU_NAME`, `MENU_INDEX`, `MENU_TARGET`, `MENU_MNCG_ID`) VALUES (23, 'manageArchiveComplain', 63, 'claim/index/archive', 6);
INSERT INTO `smartpay2`.`MENU_ITEMS` (`MENU_ID`, `MENU_NAME`, `MENU_INDEX`, `MENU_TARGET`, `MENU_MNCG_ID`) VALUES (24, 'manageAnnouncement', 71, 'announcement/index/all', 7);
INSERT INTO `smartpay2`.`MENU_ITEMS` (`MENU_ID`, `MENU_NAME`, `MENU_INDEX`, `MENU_TARGET`, `MENU_MNCG_ID`) VALUES (25, 'manageLog', 72, 'log/index/all', 7);
INSERT INTO `smartpay2`.`MENU_ITEMS` (`MENU_ID`, `MENU_NAME`, `MENU_INDEX`, `MENU_TARGET`, `MENU_MNCG_ID`) VALUES (26, 'manageArchiveAnnouncement', 73, 'announcement/index/archive', 7);
INSERT INTO `smartpay2`.`MENU_ITEMS` (`MENU_ID`, `MENU_NAME`, `MENU_INDEX`, `MENU_TARGET`, `MENU_MNCG_ID`) VALUES (27, 'searchOrder', 45, 'order/search', 4);
INSERT INTO `smartpay2`.`MENU_ITEMS` (`MENU_ID`, `MENU_NAME`, `MENU_INDEX`, `MENU_TARGET`, `MENU_MNCG_ID`) VALUES (28, 'searchPayment', 56, 'payment/search', 5);
INSERT INTO `smartpay2`.`MENU_ITEMS` (`MENU_ID`, `MENU_NAME`, `MENU_INDEX`, `MENU_TARGET`, `MENU_MNCG_ID`) VALUES (29, 'manageWithdrawal', 81, 'withdrawal/index/all', 8);
INSERT INTO `smartpay2`.`MENU_ITEMS` (`MENU_ID`, `MENU_NAME`, `MENU_INDEX`, `MENU_TARGET`, `MENU_MNCG_ID`) VALUES (30, 'requestWithdrawal', 82, 'withdrawal/request', 8);
INSERT INTO `smartpay2`.`MENU_ITEMS` (`MENU_ID`, `MENU_NAME`, `MENU_INDEX`, `MENU_TARGET`, `MENU_MNCG_ID`) VALUES (31, 'auditWithdrawal', 83, 'withdrawal/audit', 8);

COMMIT;


-- -----------------------------------------------------
-- Data for table `smartpay2`.`PERMISSIONS`
-- -----------------------------------------------------
START TRANSACTION;
USE `smartpay2`;
INSERT INTO `smartpay2`.`PERMISSIONS` (`PRMS_ID`, `PRMS_NAME`, `PRMS_DESCRIPTION`, `PRMS_ACTIVE`, `PRMS_CODE`, `PRMS_MENU_ID`) VALUES (1, 'manageMerchantBasicInfo', NULL, 1, '000', 1);
INSERT INTO `smartpay2`.`PERMISSIONS` (`PRMS_ID`, `PRMS_NAME`, `PRMS_DESCRIPTION`, `PRMS_ACTIVE`, `PRMS_CODE`, `PRMS_MENU_ID`) VALUES (2, 'manageMerchantSetting', NULL, 1, '001', 2);
INSERT INTO `smartpay2`.`PERMISSIONS` (`PRMS_ID`, `PRMS_NAME`, `PRMS_DESCRIPTION`, `PRMS_ACTIVE`, `PRMS_CODE`, `PRMS_MENU_ID`) VALUES (3, 'manageArchiveMerchant', NULL, 1, '002', 3);
INSERT INTO `smartpay2`.`PERMISSIONS` (`PRMS_ID`, `PRMS_NAME`, `PRMS_DESCRIPTION`, `PRMS_ACTIVE`, `PRMS_CODE`, `PRMS_MENU_ID`) VALUES (4, 'manageSite', NULL, 1, '100', 4);
INSERT INTO `smartpay2`.`PERMISSIONS` (`PRMS_ID`, `PRMS_NAME`, `PRMS_DESCRIPTION`, `PRMS_ACTIVE`, `PRMS_CODE`, `PRMS_MENU_ID`) VALUES (5, 'manageArchiveSite', NULL, 1, '101', 5);
INSERT INTO `smartpay2`.`PERMISSIONS` (`PRMS_ID`, `PRMS_NAME`, `PRMS_DESCRIPTION`, `PRMS_ACTIVE`, `PRMS_CODE`, `PRMS_MENU_ID`) VALUES (6, 'manageOperator', NULL, 1, '200', 6);
INSERT INTO `smartpay2`.`PERMISSIONS` (`PRMS_ID`, `PRMS_NAME`, `PRMS_DESCRIPTION`, `PRMS_ACTIVE`, `PRMS_CODE`, `PRMS_MENU_ID`) VALUES (7, 'manageMerchantAdmin', NULL, 1, '201', 7);
INSERT INTO `smartpay2`.`PERMISSIONS` (`PRMS_ID`, `PRMS_NAME`, `PRMS_DESCRIPTION`, `PRMS_ACTIVE`, `PRMS_CODE`, `PRMS_MENU_ID`) VALUES (8, 'manageMerchantOperator', NULL, 1, '202', 8);
INSERT INTO `smartpay2`.`PERMISSIONS` (`PRMS_ID`, `PRMS_NAME`, `PRMS_DESCRIPTION`, `PRMS_ACTIVE`, `PRMS_CODE`, `PRMS_MENU_ID`) VALUES (9, 'manageOperatorPermission', NULL, 1, '203', 9);
INSERT INTO `smartpay2`.`PERMISSIONS` (`PRMS_ID`, `PRMS_NAME`, `PRMS_DESCRIPTION`, `PRMS_ACTIVE`, `PRMS_CODE`, `PRMS_MENU_ID`) VALUES (10, 'manageMerchantOperatorPermission', NULL, 1, '204', 10);
INSERT INTO `smartpay2`.`PERMISSIONS` (`PRMS_ID`, `PRMS_NAME`, `PRMS_DESCRIPTION`, `PRMS_ACTIVE`, `PRMS_CODE`, `PRMS_MENU_ID`) VALUES (11, 'manageArchiveUser', NULL, 1, '205', 11);
INSERT INTO `smartpay2`.`PERMISSIONS` (`PRMS_ID`, `PRMS_NAME`, `PRMS_DESCRIPTION`, `PRMS_ACTIVE`, `PRMS_CODE`, `PRMS_MENU_ID`) VALUES (12, 'manageOrder', NULL, 1, '300', 12);
INSERT INTO `smartpay2`.`PERMISSIONS` (`PRMS_ID`, `PRMS_NAME`, `PRMS_DESCRIPTION`, `PRMS_ACTIVE`, `PRMS_CODE`, `PRMS_MENU_ID`) VALUES (13, 'manageShipping', NULL, 1, '301', 13);
INSERT INTO `smartpay2`.`PERMISSIONS` (`PRMS_ID`, `PRMS_NAME`, `PRMS_DESCRIPTION`, `PRMS_ACTIVE`, `PRMS_CODE`, `PRMS_MENU_ID`) VALUES (14, 'manageArchiveOrder', NULL, 1, '302', 14);
INSERT INTO `smartpay2`.`PERMISSIONS` (`PRMS_ID`, `PRMS_NAME`, `PRMS_DESCRIPTION`, `PRMS_ACTIVE`, `PRMS_CODE`, `PRMS_MENU_ID`) VALUES (15, 'manageArchiveShipping', NULL, 1, '303', 15);
INSERT INTO `smartpay2`.`PERMISSIONS` (`PRMS_ID`, `PRMS_NAME`, `PRMS_DESCRIPTION`, `PRMS_ACTIVE`, `PRMS_CODE`, `PRMS_MENU_ID`) VALUES (16, 'managePayment', NULL, 1, '400', 16);
INSERT INTO `smartpay2`.`PERMISSIONS` (`PRMS_ID`, `PRMS_NAME`, `PRMS_DESCRIPTION`, `PRMS_ACTIVE`, `PRMS_CODE`, `PRMS_MENU_ID`) VALUES (17, 'manageRefund', NULL, 1, '401', 17);
INSERT INTO `smartpay2`.`PERMISSIONS` (`PRMS_ID`, `PRMS_NAME`, `PRMS_DESCRIPTION`, `PRMS_ACTIVE`, `PRMS_CODE`, `PRMS_MENU_ID`) VALUES (18, 'auditRefund', NULL, 1, '402', 18);
INSERT INTO `smartpay2`.`PERMISSIONS` (`PRMS_ID`, `PRMS_NAME`, `PRMS_DESCRIPTION`, `PRMS_ACTIVE`, `PRMS_CODE`, `PRMS_MENU_ID`) VALUES (19, 'manageArchivePayment', NULL, 1, '403', 19);
INSERT INTO `smartpay2`.`PERMISSIONS` (`PRMS_ID`, `PRMS_NAME`, `PRMS_DESCRIPTION`, `PRMS_ACTIVE`, `PRMS_CODE`, `PRMS_MENU_ID`) VALUES (20, 'manageArchiveRefund', NULL, 1, '404', 20);
INSERT INTO `smartpay2`.`PERMISSIONS` (`PRMS_ID`, `PRMS_NAME`, `PRMS_DESCRIPTION`, `PRMS_ACTIVE`, `PRMS_CODE`, `PRMS_MENU_ID`) VALUES (21, 'manageComplain', NULL, 1, '500', 21);
INSERT INTO `smartpay2`.`PERMISSIONS` (`PRMS_ID`, `PRMS_NAME`, `PRMS_DESCRIPTION`, `PRMS_ACTIVE`, `PRMS_CODE`, `PRMS_MENU_ID`) VALUES (22, 'auditComplain', NULL, 1, '501', 22);
INSERT INTO `smartpay2`.`PERMISSIONS` (`PRMS_ID`, `PRMS_NAME`, `PRMS_DESCRIPTION`, `PRMS_ACTIVE`, `PRMS_CODE`, `PRMS_MENU_ID`) VALUES (23, 'manageArchiveComplain', NULL, 1, '502', 23);
INSERT INTO `smartpay2`.`PERMISSIONS` (`PRMS_ID`, `PRMS_NAME`, `PRMS_DESCRIPTION`, `PRMS_ACTIVE`, `PRMS_CODE`, `PRMS_MENU_ID`) VALUES (24, 'manageAnnouncement', NULL, 1, '600', 24);
INSERT INTO `smartpay2`.`PERMISSIONS` (`PRMS_ID`, `PRMS_NAME`, `PRMS_DESCRIPTION`, `PRMS_ACTIVE`, `PRMS_CODE`, `PRMS_MENU_ID`) VALUES (25, 'manageLog', NULL, 1, '601', 25);
INSERT INTO `smartpay2`.`PERMISSIONS` (`PRMS_ID`, `PRMS_NAME`, `PRMS_DESCRIPTION`, `PRMS_ACTIVE`, `PRMS_CODE`, `PRMS_MENU_ID`) VALUES (26, 'manageArchiveAnnouncement', NULL, 1, '602', 26);
INSERT INTO `smartpay2`.`PERMISSIONS` (`PRMS_ID`, `PRMS_NAME`, `PRMS_DESCRIPTION`, `PRMS_ACTIVE`, `PRMS_CODE`, `PRMS_MENU_ID`) VALUES (27, 'searchOrder', NULL, 1, '304', 27);
INSERT INTO `smartpay2`.`PERMISSIONS` (`PRMS_ID`, `PRMS_NAME`, `PRMS_DESCRIPTION`, `PRMS_ACTIVE`, `PRMS_CODE`, `PRMS_MENU_ID`) VALUES (28, 'searchPayment', NULL, 1, '405', 28);
INSERT INTO `smartpay2`.`PERMISSIONS` (`PRMS_ID`, `PRMS_NAME`, `PRMS_DESCRIPTION`, `PRMS_ACTIVE`, `PRMS_CODE`, `PRMS_MENU_ID`) VALUES (29, 'manageWithdrawal', NULL, 1, '700', 29);
INSERT INTO `smartpay2`.`PERMISSIONS` (`PRMS_ID`, `PRMS_NAME`, `PRMS_DESCRIPTION`, `PRMS_ACTIVE`, `PRMS_CODE`, `PRMS_MENU_ID`) VALUES (30, 'requestWithdrawal', NULL, 1, '701', 30);
INSERT INTO `smartpay2`.`PERMISSIONS` (`PRMS_ID`, `PRMS_NAME`, `PRMS_DESCRIPTION`, `PRMS_ACTIVE`, `PRMS_CODE`, `PRMS_MENU_ID`) VALUES (31, 'auditWithdrawal', NULL, 1, '702', 31);

COMMIT;


-- -----------------------------------------------------
-- Data for table `smartpay2`.`ORDER_STATUSES`
-- -----------------------------------------------------
START TRANSACTION;
USE `smartpay2`;
INSERT INTO `smartpay2`.`ORDER_STATUSES` (`ORST_ID`, `ORST_NAME`, `ORST_DESCRIPTION`, `ORST_ACTIVE`, `ORST_CODE`) VALUES (NULL, 'Initiated', 'The order is initiated.', 1, '400');
INSERT INTO `smartpay2`.`ORDER_STATUSES` (`ORST_ID`, `ORST_NAME`, `ORST_DESCRIPTION`, `ORST_ACTIVE`, `ORST_CODE`) VALUES (NULL, 'Confirmed', 'The order is confirmed.', 1, '500');
INSERT INTO `smartpay2`.`ORDER_STATUSES` (`ORST_ID`, `ORST_NAME`, `ORST_DESCRIPTION`, `ORST_ACTIVE`, `ORST_CODE`) VALUES (NULL, 'Paid', 'The order is paid.', 1, '401');
INSERT INTO `smartpay2`.`ORDER_STATUSES` (`ORST_ID`, `ORST_NAME`, `ORST_DESCRIPTION`, `ORST_ACTIVE`, `ORST_CODE`) VALUES (NULL, 'Preparing for Shipment', 'The order is parpared for shipment, cannot be cancel at this stage.', 1, '501');
INSERT INTO `smartpay2`.`ORDER_STATUSES` (`ORST_ID`, `ORST_NAME`, `ORST_DESCRIPTION`, `ORST_ACTIVE`, `ORST_CODE`) VALUES (NULL, 'Cancelled', 'The order is cancelled.', 1, '402');
INSERT INTO `smartpay2`.`ORDER_STATUSES` (`ORST_ID`, `ORST_NAME`, `ORST_DESCRIPTION`, `ORST_ACTIVE`, `ORST_CODE`) VALUES (NULL, 'Shipped', 'The order is shipped.', 1, '502');
INSERT INTO `smartpay2`.`ORDER_STATUSES` (`ORST_ID`, `ORST_NAME`, `ORST_DESCRIPTION`, `ORST_ACTIVE`, `ORST_CODE`) VALUES (NULL, 'Delivered', 'The order is delivered.', 1, '503');
INSERT INTO `smartpay2`.`ORDER_STATUSES` (`ORST_ID`, `ORST_NAME`, `ORST_DESCRIPTION`, `ORST_ACTIVE`, `ORST_CODE`) VALUES (NULL, 'Returned', 'The order is returned.', 1, '403');
INSERT INTO `smartpay2`.`ORDER_STATUSES` (`ORST_ID`, `ORST_NAME`, `ORST_DESCRIPTION`, `ORST_ACTIVE`, `ORST_CODE`) VALUES (NULL, 'Refunded', 'The order is refunded.', 1, '504');

COMMIT;


-- -----------------------------------------------------
-- Data for table `smartpay2`.`CURRENCIES`
-- -----------------------------------------------------
START TRANSACTION;
USE `smartpay2`;
INSERT INTO `smartpay2`.`CURRENCIES` (`CRCY_ID`, `CRCY_NAME`, `CRCY_DESCRIPTION`, `CRCY_ACTIVE`, `CRCY_CODE`) VALUES (NULL, 'USD', 'US Dollar', 1, '100');
INSERT INTO `smartpay2`.`CURRENCIES` (`CRCY_ID`, `CRCY_NAME`, `CRCY_DESCRIPTION`, `CRCY_ACTIVE`, `CRCY_CODE`) VALUES (NULL, 'RMB', 'Chinese Yuan', 1, '101');
INSERT INTO `smartpay2`.`CURRENCIES` (`CRCY_ID`, `CRCY_NAME`, `CRCY_DESCRIPTION`, `CRCY_ACTIVE`, `CRCY_CODE`) VALUES (NULL, 'GBP', 'England', 1, '102');
INSERT INTO `smartpay2`.`CURRENCIES` (`CRCY_ID`, `CRCY_NAME`, `CRCY_DESCRIPTION`, `CRCY_ACTIVE`, `CRCY_CODE`) VALUES (NULL, 'EUR', 'Europe', 1, '103');
INSERT INTO `smartpay2`.`CURRENCIES` (`CRCY_ID`, `CRCY_NAME`, `CRCY_DESCRIPTION`, `CRCY_ACTIVE`, `CRCY_CODE`) VALUES (NULL, 'JPY', 'Japan', 1, '104');
INSERT INTO `smartpay2`.`CURRENCIES` (`CRCY_ID`, `CRCY_NAME`, `CRCY_DESCRIPTION`, `CRCY_ACTIVE`, `CRCY_CODE`) VALUES (NULL, 'CAD', 'Canada', 1, '105');
INSERT INTO `smartpay2`.`CURRENCIES` (`CRCY_ID`, `CRCY_NAME`, `CRCY_DESCRIPTION`, `CRCY_ACTIVE`, `CRCY_CODE`) VALUES (NULL, 'AUD', 'Australia', 1, '106');

COMMIT;


-- -----------------------------------------------------
-- Data for table `smartpay2`.`CUSTOMER_STATUSES`
-- -----------------------------------------------------
START TRANSACTION;
USE `smartpay2`;
INSERT INTO `smartpay2`.`CUSTOMER_STATUSES` (`CSST_ID`, `CSST_NAME`, `CSST_DESCRIPTION`, `CSST_ACTIVE`, `CSST_CODE`) VALUES (NULL, 'Normal', 'Normal', 1, '200');
INSERT INTO `smartpay2`.`CUSTOMER_STATUSES` (`CSST_ID`, `CSST_NAME`, `CSST_DESCRIPTION`, `CSST_ACTIVE`, `CSST_CODE`) VALUES (NULL, 'Frozen', 'Frozen', 1, '500');

COMMIT;


-- -----------------------------------------------------
-- Data for table `smartpay2`.`CUSTOMER_LOGIN_STATUSES`
-- -----------------------------------------------------
START TRANSACTION;
USE `smartpay2`;
INSERT INTO `smartpay2`.`CUSTOMER_LOGIN_STATUSES` (`CSLS_ID`, `CSLS_NAME`, `CSLS_DESCRIPTION`, `CSLS_ACTIVE`, `CSLS_CODE`) VALUES (NULL, 'Frozen', 'Frozen', 1, '500');
INSERT INTO `smartpay2`.`CUSTOMER_LOGIN_STATUSES` (`CSLS_ID`, `CSLS_NAME`, `CSLS_DESCRIPTION`, `CSLS_ACTIVE`, `CSLS_CODE`) VALUES (NULL, 'Normal', 'Normal', 1, '200');

COMMIT;


-- -----------------------------------------------------
-- Data for table `smartpay2`.`PAYMENT_STATUSES`
-- -----------------------------------------------------
START TRANSACTION;
USE `smartpay2`;
INSERT INTO `smartpay2`.`PAYMENT_STATUSES` (`PYST_ID`, `PYST_NAME`, `PYST_DESCRIPTION`, `PYST_ACTIVE`, `PYST_CODE`) VALUES (NULL, 'Payment Approved', 'Approved', 1, '500');
INSERT INTO `smartpay2`.`PAYMENT_STATUSES` (`PYST_ID`, `PYST_NAME`, `PYST_DESCRIPTION`, `PYST_ACTIVE`, `PYST_CODE`) VALUES (NULL, 'Payment Declined', 'Payment Declined', 1, '501');
INSERT INTO `smartpay2`.`PAYMENT_STATUSES` (`PYST_ID`, `PYST_NAME`, `PYST_DESCRIPTION`, `PYST_ACTIVE`, `PYST_CODE`) VALUES (NULL, 'Claim Pending', 'Claim Pending', 1, '400');
INSERT INTO `smartpay2`.`PAYMENT_STATUSES` (`PYST_ID`, `PYST_NAME`, `PYST_DESCRIPTION`, `PYST_ACTIVE`, `PYST_CODE`) VALUES (NULL, 'Claim In Process', 'Claim In Process', 1, '401');
INSERT INTO `smartpay2`.`PAYMENT_STATUSES` (`PYST_ID`, `PYST_NAME`, `PYST_DESCRIPTION`, `PYST_ACTIVE`, `PYST_CODE`) VALUES (NULL, 'Claim Failed', 'Claim Failed', 1, '502');
INSERT INTO `smartpay2`.`PAYMENT_STATUSES` (`PYST_ID`, `PYST_NAME`, `PYST_DESCRIPTION`, `PYST_ACTIVE`, `PYST_CODE`) VALUES (NULL, 'Claim Successful', 'Claim Successful', 1, '200');

COMMIT;


-- -----------------------------------------------------
-- Data for table `smartpay2`.`PAYMENT_TYPES`
-- -----------------------------------------------------
START TRANSACTION;
USE `smartpay2`;
INSERT INTO `smartpay2`.`PAYMENT_TYPES` (`PYTP_ID`, `PYTP_NAME`, `PYTP_DESCRIPTION`, `PYTP_ACTIVE`, `PYTP_CODE`) VALUES (NULL, 'Credit Card', 'Credit Card', 1, '100');
INSERT INTO `smartpay2`.`PAYMENT_TYPES` (`PYTP_ID`, `PYTP_NAME`, `PYTP_DESCRIPTION`, `PYTP_ACTIVE`, `PYTP_CODE`) VALUES (NULL, 'Debit Card', 'Debit Card', 1, '101');

COMMIT;


-- -----------------------------------------------------
-- Data for table `smartpay2`.`WITHDRAWAL_STATUSES`
-- -----------------------------------------------------
START TRANSACTION;
USE `smartpay2`;
INSERT INTO `smartpay2`.`WITHDRAWAL_STATUSES` (`WDST_ID`, `WDST_NAME`, `WDST_DESCRIPTION`, `WDST_ACTIVE`, `WDST_CODE`) VALUES (NULL, 'Withdrawal Pending', 'Withdrawal Pending', 1, '301');
INSERT INTO `smartpay2`.`WITHDRAWAL_STATUSES` (`WDST_ID`, `WDST_NAME`, `WDST_DESCRIPTION`, `WDST_ACTIVE`, `WDST_CODE`) VALUES (NULL, 'Withdrawal Approved', 'Withdrawal Approed', 1, '300');
INSERT INTO `smartpay2`.`WITHDRAWAL_STATUSES` (`WDST_ID`, `WDST_NAME`, `WDST_DESCRIPTION`, `WDST_ACTIVE`, `WDST_CODE`) VALUES (NULL, 'Withdrawal Declined', 'Withdrawal Declined', 1, '302');
INSERT INTO `smartpay2`.`WITHDRAWAL_STATUSES` (`WDST_ID`, `WDST_NAME`, `WDST_DESCRIPTION`, `WDST_ACTIVE`, `WDST_CODE`) VALUES (NULL, 'Withdrawal Processed', 'Withdrawal Processed', 1, '303');
INSERT INTO `smartpay2`.`WITHDRAWAL_STATUSES` (`WDST_ID`, `WDST_NAME`, `WDST_DESCRIPTION`, `WDST_ACTIVE`, `WDST_CODE`) VALUES (NULL, 'Deposit Withdrawal Requested', 'Deposit Withdrawal Requested', 1, '401');
INSERT INTO `smartpay2`.`WITHDRAWAL_STATUSES` (`WDST_ID`, `WDST_NAME`, `WDST_DESCRIPTION`, `WDST_ACTIVE`, `WDST_CODE`) VALUES (NULL, 'Deposit Withdrawal Approved', 'Deposit Withdrawal Approved', 1, '402');

COMMIT;


-- -----------------------------------------------------
-- Data for table `smartpay2`.`SHIPMENT_STATUSES`
-- -----------------------------------------------------
START TRANSACTION;
USE `smartpay2`;
INSERT INTO `smartpay2`.`SHIPMENT_STATUSES` (`SHST_ID`, `SHST_NAME`, `SHST_DESCRIPTION`, `SHST_ACTIVE`, `SHST_CODE`) VALUES (NULL, 'Shipped', 'Shipped', 1, '500');
INSERT INTO `smartpay2`.`SHIPMENT_STATUSES` (`SHST_ID`, `SHST_NAME`, `SHST_DESCRIPTION`, `SHST_ACTIVE`, `SHST_CODE`) VALUES (NULL, 'Delivered', 'Delivered', 1, '501');
INSERT INTO `smartpay2`.`SHIPMENT_STATUSES` (`SHST_ID`, `SHST_NAME`, `SHST_DESCRIPTION`, `SHST_ACTIVE`, `SHST_CODE`) VALUES (NULL, 'Lost', 'Lost', 1, '400');
INSERT INTO `smartpay2`.`SHIPMENT_STATUSES` (`SHST_ID`, `SHST_NAME`, `SHST_DESCRIPTION`, `SHST_ACTIVE`, `SHST_CODE`) VALUES (NULL, 'Damaged', 'Damaged', 1, '401');

COMMIT;


-- -----------------------------------------------------
-- Data for table `smartpay2`.`RETURN_STATUSES`
-- -----------------------------------------------------
START TRANSACTION;
USE `smartpay2`;
INSERT INTO `smartpay2`.`RETURN_STATUSES` (`RTST_ID`, `RTST_NAME`, `RTST_DESCRIPTION`, `RTST_ACTIVE`, `RTST_CODE`) VALUES (NULL, 'Shipped', 'Shipped', 1, '400');
INSERT INTO `smartpay2`.`RETURN_STATUSES` (`RTST_ID`, `RTST_NAME`, `RTST_DESCRIPTION`, `RTST_ACTIVE`, `RTST_CODE`) VALUES (NULL, 'Delivered', 'Delivered', 1, '401');

COMMIT;


-- -----------------------------------------------------
-- Data for table `smartpay2`.`REFUND_STATUSES`
-- -----------------------------------------------------
START TRANSACTION;
USE `smartpay2`;
INSERT INTO `smartpay2`.`REFUND_STATUSES` (`RFST_ID`, `RFST_NAME`, `RFST_DESCRIPTION`, `RFST_ACTIVE`, `RFST_CODE`) VALUES (NULL, 'Issued', 'Issued', 1, '500');
INSERT INTO `smartpay2`.`REFUND_STATUSES` (`RFST_ID`, `RFST_NAME`, `RFST_DESCRIPTION`, `RFST_ACTIVE`, `RFST_CODE`) VALUES (NULL, 'Funded', 'Funded', 1, '501');
INSERT INTO `smartpay2`.`REFUND_STATUSES` (`RFST_ID`, `RFST_NAME`, `RFST_DESCRIPTION`, `RFST_ACTIVE`, `RFST_CODE`) VALUES (NULL, 'Initiated', 'Initiated', 1, '401');
INSERT INTO `smartpay2`.`REFUND_STATUSES` (`RFST_ID`, `RFST_NAME`, `RFST_DESCRIPTION`, `RFST_ACTIVE`, `RFST_CODE`) VALUES (NULL, 'Approved', 'Approved', 1, '502');

COMMIT;


-- -----------------------------------------------------
-- Data for table `smartpay2`.`ROLE_PERMISSION_MAPPINGS`
-- -----------------------------------------------------
START TRANSACTION;
USE `smartpay2`;
INSERT INTO `smartpay2`.`ROLE_PERMISSION_MAPPINGS` (`RPMP_ROLE_ID`, `RPMP_PRMS_ID`) VALUES (1, 1);
INSERT INTO `smartpay2`.`ROLE_PERMISSION_MAPPINGS` (`RPMP_ROLE_ID`, `RPMP_PRMS_ID`) VALUES (1, 2);
INSERT INTO `smartpay2`.`ROLE_PERMISSION_MAPPINGS` (`RPMP_ROLE_ID`, `RPMP_PRMS_ID`) VALUES (1, 3);
INSERT INTO `smartpay2`.`ROLE_PERMISSION_MAPPINGS` (`RPMP_ROLE_ID`, `RPMP_PRMS_ID`) VALUES (1, 4);
INSERT INTO `smartpay2`.`ROLE_PERMISSION_MAPPINGS` (`RPMP_ROLE_ID`, `RPMP_PRMS_ID`) VALUES (1, 5);
INSERT INTO `smartpay2`.`ROLE_PERMISSION_MAPPINGS` (`RPMP_ROLE_ID`, `RPMP_PRMS_ID`) VALUES (1, 6);
INSERT INTO `smartpay2`.`ROLE_PERMISSION_MAPPINGS` (`RPMP_ROLE_ID`, `RPMP_PRMS_ID`) VALUES (1, 7);
INSERT INTO `smartpay2`.`ROLE_PERMISSION_MAPPINGS` (`RPMP_ROLE_ID`, `RPMP_PRMS_ID`) VALUES (1, 9);
INSERT INTO `smartpay2`.`ROLE_PERMISSION_MAPPINGS` (`RPMP_ROLE_ID`, `RPMP_PRMS_ID`) VALUES (1, 11);
INSERT INTO `smartpay2`.`ROLE_PERMISSION_MAPPINGS` (`RPMP_ROLE_ID`, `RPMP_PRMS_ID`) VALUES (1, 12);
INSERT INTO `smartpay2`.`ROLE_PERMISSION_MAPPINGS` (`RPMP_ROLE_ID`, `RPMP_PRMS_ID`) VALUES (1, 13);
INSERT INTO `smartpay2`.`ROLE_PERMISSION_MAPPINGS` (`RPMP_ROLE_ID`, `RPMP_PRMS_ID`) VALUES (1, 14);
INSERT INTO `smartpay2`.`ROLE_PERMISSION_MAPPINGS` (`RPMP_ROLE_ID`, `RPMP_PRMS_ID`) VALUES (1, 15);
INSERT INTO `smartpay2`.`ROLE_PERMISSION_MAPPINGS` (`RPMP_ROLE_ID`, `RPMP_PRMS_ID`) VALUES (1, 16);
INSERT INTO `smartpay2`.`ROLE_PERMISSION_MAPPINGS` (`RPMP_ROLE_ID`, `RPMP_PRMS_ID`) VALUES (1, 17);
INSERT INTO `smartpay2`.`ROLE_PERMISSION_MAPPINGS` (`RPMP_ROLE_ID`, `RPMP_PRMS_ID`) VALUES (1, 18);
INSERT INTO `smartpay2`.`ROLE_PERMISSION_MAPPINGS` (`RPMP_ROLE_ID`, `RPMP_PRMS_ID`) VALUES (1, 19);
INSERT INTO `smartpay2`.`ROLE_PERMISSION_MAPPINGS` (`RPMP_ROLE_ID`, `RPMP_PRMS_ID`) VALUES (1, 20);
INSERT INTO `smartpay2`.`ROLE_PERMISSION_MAPPINGS` (`RPMP_ROLE_ID`, `RPMP_PRMS_ID`) VALUES (1, 21);
INSERT INTO `smartpay2`.`ROLE_PERMISSION_MAPPINGS` (`RPMP_ROLE_ID`, `RPMP_PRMS_ID`) VALUES (1, 22);
INSERT INTO `smartpay2`.`ROLE_PERMISSION_MAPPINGS` (`RPMP_ROLE_ID`, `RPMP_PRMS_ID`) VALUES (1, 23);
INSERT INTO `smartpay2`.`ROLE_PERMISSION_MAPPINGS` (`RPMP_ROLE_ID`, `RPMP_PRMS_ID`) VALUES (1, 24);
INSERT INTO `smartpay2`.`ROLE_PERMISSION_MAPPINGS` (`RPMP_ROLE_ID`, `RPMP_PRMS_ID`) VALUES (1, 25);
INSERT INTO `smartpay2`.`ROLE_PERMISSION_MAPPINGS` (`RPMP_ROLE_ID`, `RPMP_PRMS_ID`) VALUES (1, 26);
INSERT INTO `smartpay2`.`ROLE_PERMISSION_MAPPINGS` (`RPMP_ROLE_ID`, `RPMP_PRMS_ID`) VALUES (2, 4);
INSERT INTO `smartpay2`.`ROLE_PERMISSION_MAPPINGS` (`RPMP_ROLE_ID`, `RPMP_PRMS_ID`) VALUES (2, 8);
INSERT INTO `smartpay2`.`ROLE_PERMISSION_MAPPINGS` (`RPMP_ROLE_ID`, `RPMP_PRMS_ID`) VALUES (2, 10);
INSERT INTO `smartpay2`.`ROLE_PERMISSION_MAPPINGS` (`RPMP_ROLE_ID`, `RPMP_PRMS_ID`) VALUES (2, 12);
INSERT INTO `smartpay2`.`ROLE_PERMISSION_MAPPINGS` (`RPMP_ROLE_ID`, `RPMP_PRMS_ID`) VALUES (2, 13);
INSERT INTO `smartpay2`.`ROLE_PERMISSION_MAPPINGS` (`RPMP_ROLE_ID`, `RPMP_PRMS_ID`) VALUES (2, 16);
INSERT INTO `smartpay2`.`ROLE_PERMISSION_MAPPINGS` (`RPMP_ROLE_ID`, `RPMP_PRMS_ID`) VALUES (2, 17);
INSERT INTO `smartpay2`.`ROLE_PERMISSION_MAPPINGS` (`RPMP_ROLE_ID`, `RPMP_PRMS_ID`) VALUES (2, 21);
INSERT INTO `smartpay2`.`ROLE_PERMISSION_MAPPINGS` (`RPMP_ROLE_ID`, `RPMP_PRMS_ID`) VALUES (1, 27);
INSERT INTO `smartpay2`.`ROLE_PERMISSION_MAPPINGS` (`RPMP_ROLE_ID`, `RPMP_PRMS_ID`) VALUES (1, 28);
INSERT INTO `smartpay2`.`ROLE_PERMISSION_MAPPINGS` (`RPMP_ROLE_ID`, `RPMP_PRMS_ID`) VALUES (2, 27);
INSERT INTO `smartpay2`.`ROLE_PERMISSION_MAPPINGS` (`RPMP_ROLE_ID`, `RPMP_PRMS_ID`) VALUES (2, 28);
INSERT INTO `smartpay2`.`ROLE_PERMISSION_MAPPINGS` (`RPMP_ROLE_ID`, `RPMP_PRMS_ID`) VALUES (1, 29);
INSERT INTO `smartpay2`.`ROLE_PERMISSION_MAPPINGS` (`RPMP_ROLE_ID`, `RPMP_PRMS_ID`) VALUES (1, 31);
INSERT INTO `smartpay2`.`ROLE_PERMISSION_MAPPINGS` (`RPMP_ROLE_ID`, `RPMP_PRMS_ID`) VALUES (2, 29);
INSERT INTO `smartpay2`.`ROLE_PERMISSION_MAPPINGS` (`RPMP_ROLE_ID`, `RPMP_PRMS_ID`) VALUES (2, 30);

COMMIT;


-- -----------------------------------------------------
-- Data for table `smartpay2`.`USER_ROLE_MAPPINGS`
-- -----------------------------------------------------
START TRANSACTION;
USE `smartpay2`;
INSERT INTO `smartpay2`.`USER_ROLE_MAPPINGS` (`URMP_USER_ID`, `URMP_ROLE_ID`) VALUES (1, 1);

COMMIT;

